YEAR,MO,DY,CLRSKY_SFC_SW_DWN,T2M,ALLSKY_SFC_SW_DWN,RH2M,WS2M,ALLSKY_SFC_LW_DWN,PRECTOTCORR
2020,1,1,6.35,26.84,4.35,81.59,1.95,9.7,0.6
2020,1,2,6.3,26.48,2.57,88.4,1.56,9.76,13.78
2020,1,3,6.33,26.61,3.18,84.16,1.68,9.51,4.29
2020,1,4,6.57,26.58,4.33,80.04,1.98,9.38,0.18
2020,1,5,6.49,26.51,4.57,79.85,1.85,9.49,0.24
2020,1,6,6.36,26.83,3.23,83.61,1.4,9.76,4.22
2020,1,7,6.29,26.81,3.25,84.81,1.6,9.68,3.38
2020,1,8,6.43,26.87,4.58,81.85,1.26,9.65,6.33
2020,1,9,6.36,27.39,3.74,84.24,1.2,9.84,2.1
2020,1,10,6.42,27.38,5.17,81.3,1.3,9.62,0.85
2020,1,11,6.45,27.33,4.78,81.58,1.2,9.73,0.17
2020,1,12,6.39,27.17,4.62,83.11,1.42,9.62,0.66
2020,1,13,6.36,27.35,5.41,83.66,1.22,9.66,3.85
2020,1,14,6.37,28.29,5.33,79.1,1.03,9.77,0.28
2020,1,15,6.41,28.45,5.87,78.13,0.74,9.74,1.13
2020,1,16,6.39,27.72,5.01,85.81,1.44,9.94,9.62
2020,1,17,6.54,27.44,5.82,75.22,1.54,9.5,1.51
2020,1,18,6.69,26.74,6.07,76.07,1.38,9.1,0.07
2020,1,19,6.64,27.1,6.22,79.67,1.51,9.11,0.34
2020,1,20,6.7,27.02,4.11,79.29,1.9,9.75,7.5
2020,1,21,6.77,25.97,6.16,78.9,2.44,8.99,0.4
2020,1,22,6.74,26.17,4.68,82.09,1.64,9.54,2.14
2020,1,23,6.63,27.3,4.32,81.05,1.27,9.9,4.7
2020,1,24,6.61,27.57,4.52,84.88,1.48,9.92,10.63
2020,1,25,6.64,27.5,4.67,83.69,2.02,9.85,7.13
2020,1,26,6.52,27.8,5.37,84.92,1.71,9.76,27.33
2020,1,27,6.64,27.84,5.88,83.85,1.35,9.86,10.43
2020,1,28,6.58,28.43,5.61,78.44,1.08,9.88,1.42
2020,1,29,6.52,28.17,5.54,79.94,1.18,9.94,5.83
2020,1,30,6.57,28.2,5.91,76.88,1.1,9.79,7.88
2020,1,31,6.7,27.82,6.22,77.39,1.39,9.53,1.04
2020,2,1,6.66,26.8,5.12,80.55,2.23,9.56,0.6
2020,2,2,6.68,26.61,4.56,80.52,2.31,9.66,0.56
2020,2,3,6.71,25.99,5.43,79.81,2.42,9.38,0.51
2020,2,4,6.87,25.91,5.85,78.75,1.97,9.23,0
2020,2,5,6.93,27.24,5.88,77.16,1.51,9.32,1.5
2020,2,6,6.56,28.07,4.11,81.66,0.81,9.83,6.93
2020,2,7,6.72,27.27,4.46,85.56,1.4,9.78,12.14
2020,2,8,6.77,27.17,4.21,80.02,1.65,9.61,2.92
2020,2,9,6.99,26.54,5.87,78.2,1.56,9.1,0.11
2020,2,10,6.92,26.82,4.27,82.12,1.88,9.57,1.6
2020,2,11,6.83,26.52,4.19,80.05,2.13,9.55,0.75
2020,2,12,6.94,26.43,5.01,80.69,1.61,9.4,0.31
2020,2,13,6.73,26.8,2.29,84.82,1.26,9.78,7.43
2020,2,14,6.92,27.08,3.74,82.97,1.54,9.88,2.67
2020,2,15,6.89,26.88,5.32,79.58,1.57,9.41,0.36
2020,2,16,6.95,26.79,5.17,81.54,1.38,9.45,0.41
2020,2,17,6.98,26.85,4.35,82.1,1.82,9.75,0.65
2020,2,18,7.05,26.12,5.16,80.36,2.37,9.39,0.54
2020,2,19,7.16,26.18,4.52,80.36,2,9.44,0.6
2020,2,20,7.2,26.01,5.53,79.15,2.17,9.08,0.68
2020,2,21,7.22,25.75,4.81,81.71,1.94,9.29,0.34
2020,2,22,6.98,26.06,5.1,80.5,1.92,9.49,0.1
2020,2,23,7.18,26.57,6.39,78.5,1.8,9.33,0.31
2020,2,24,7.12,27.21,4.68,80.49,1.58,9.77,0.94
2020,2,25,7.15,27.29,3.93,82.01,1.52,9.96,2.18
2020,2,26,7.22,26.76,5.91,78.34,1.94,9.45,0.17
2020,2,27,7.25,26.84,4.41,84.54,1.38,9.62,1.18
2020,2,28,7.11,26.63,4.8,85.56,1.25,9.74,1.69
2020,2,29,7.11,27.18,3.93,84.36,1.25,9.92,1.65
2020,3,1,7.13,27.24,5.51,82.22,1.25,9.91,0.9
2020,3,2,7.27,27.3,4.23,80.95,1.52,10.02,0.92
2020,3,3,7.39,26.59,6.87,79.86,1.77,9.32,0.09
2020,3,4,7.24,27.41,5.75,80.48,1.4,9.77,0.25
2020,3,5,7.08,27.38,4.03,86.82,1.3,9.95,5.38
2020,3,6,7.15,27,4.65,88.12,2.42,9.92,7.62
2020,3,7,7.04,27.65,5.47,85.03,2.19,9.88,1.25
2020,3,8,7.36,27.86,5.58,79.6,1.79,9.65,0.2
2020,3,9,7.44,27.61,6.92,76.48,1.43,9.36,0
2020,3,10,7.46,26.93,6.99,75.02,1.42,9.1,0
2020,3,11,7.51,26.55,7.28,78.35,1.56,9.15,0.24
2020,3,12,7.66,26.87,6.59,75.83,1.9,9.38,0.09
2020,3,13,7.67,27.41,7.2,75.35,1.47,9.16,0.03
2020,3,14,7.55,27.02,7.18,78.09,1.44,9.14,0.1
2020,3,15,7.6,26.88,7.36,76.93,1.71,9.06,0.02
2020,3,16,7.53,27.03,6.55,78.73,1.79,9.37,0.27
2020,3,17,7.53,27.54,5.19,80.84,1.38,9.98,4.56
2020,3,18,7.48,27.54,5.81,78.45,1.72,9.86,2.58
2020,3,19,7.62,27.49,6.81,74.46,1.52,9.48,0.69
2020,3,20,7.6,27.43,7.15,76.1,1.46,9.42,0.08
2020,3,21,7.47,27.09,4.27,85.88,1.48,9.86,5.86
2020,3,22,7.44,27.87,5.65,77.79,1.38,9.85,1.61
2020,3,23,7.44,27.16,5.54,78.42,1.35,9.8,0.16
2020,3,24,7.5,26.77,3.84,80.51,1.49,9.79,11.82
2020,3,25,7.57,26.89,6.95,75.95,1.85,9.49,0.4
2020,3,26,7.35,27.99,4.63,78.04,1.25,10.05,2.92
2020,3,27,7.44,27.81,5.18,79.79,1.22,9.9,0.53
2020,3,28,7.45,27.98,3.89,77.08,1.43,9.95,0.39
2020,3,29,7.49,27.78,6.31,78.78,1.43,9.77,0.38
2020,3,30,7.38,27.46,5.65,81.08,1.63,9.93,0.87
2020,3,31,7.66,27.84,7.51,75.37,1.36,9.27,0.06
2020,4,1,7.74,27.32,7.2,77.32,1.51,9.21,0.07
2020,4,2,7.59,28.23,6.1,76.29,1.36,9.7,0.13
2020,4,3,7.55,28,5.99,78.08,1.41,9.63,0.61
2020,4,4,7.71,27.58,6.95,74.92,1.67,9.44,0.07
2020,4,5,7.46,27.61,5.34,78.35,1.56,9.73,0.31
2020,4,6,7.62,28.06,7.29,75.29,1.41,9.49,0.02
2020,4,7,7.67,28.3,7.3,73.47,1.25,9.55,0.04
2020,4,8,7.6,28.37,7.45,71.17,1.41,9.47,0.68
2020,4,9,7.43,28.17,5.27,76.99,1.61,9.84,34.46
2020,4,10,7.63,27.83,7.14,75.87,1.57,9.56,1.11
2020,4,11,7.86,27.23,7.49,76.96,1.62,9.06,0.1
2020,4,12,7.74,27.97,7.49,70.36,1.05,9.23,0
2020,4,13,7.68,28.12,7.33,70.53,1.02,9.34,0
2020,4,14,7.66,28.14,7.45,71.6,1.21,9.41,0.01
2020,4,15,7.46,28.9,6.92,70.49,1.14,9.8,0.05
2020,4,16,7.61,28.42,7.13,77.58,1.17,9.82,0.65
2020,4,17,7.59,28.39,5.57,77.63,1.48,9.79,2.7
2020,4,18,7.62,28.53,5.21,75.1,1.49,9.84,0.81
2020,4,19,7.4,27.77,2.26,82.66,1.36,9.86,7.48
2020,4,20,7.4,28.82,5.65,78.8,0.77,9.9,5.29
2020,4,21,7.5,28.51,6.38,77.72,1.39,9.66,19.86
2020,4,22,7.67,28.51,6.48,71.74,1.35,9.53,0.16
2020,4,23,7.37,27.92,6.34,79.34,1.36,9.79,1.15
2020,4,24,7.42,28.74,6.11,80.34,1.11,9.9,2.63
2020,4,25,7.65,29.11,6.6,75.91,1.47,9.69,0.65
2020,4,26,7.46,28.97,4.73,78.6,1.46,9.89,1.39
2020,4,27,7.49,28.78,5.76,76.05,1.45,9.71,0.33
2020,4,28,7.5,28.09,6.25,75.33,1.4,9.44,0.04
2020,4,29,7.38,28.55,5.66,75.32,1.25,9.82,0.92
2020,4,30,7.42,27.24,2.54,86.13,1.47,9.83,0.82
2020,5,1,7.27,28.42,3.5,78.04,0.86,9.85,1.66
2020,5,2,7.3,28.13,4.85,77.53,1.06,9.98,1.48
2020,5,3,7.23,28.73,1.62,78.78,1.17,10.03,5.04
2020,5,4,7.24,29.61,5.59,73.51,1.31,10.04,1.3
2020,5,5,7.25,29.34,5.72,77.03,1.27,10.08,0.28
2020,5,6,7.11,29.74,5.28,74.75,1.39,10.16,0.37
2020,5,7,7.23,29.35,6.35,74.63,0.85,9.98,0.62
2020,5,8,7.16,30.38,5.52,70.4,0.89,10,1.95
2020,5,9,7.27,29.41,5.83,79.78,1.09,9.98,3.61
2020,5,10,7.25,28.89,4.83,79.86,0.77,10.01,24.7
2020,5,11,7.03,29.21,5.27,78.08,1.14,9.99,47.88
2020,5,12,7.01,29.18,3.92,78.06,1.2,10.05,22.28
2020,5,13,7.01,29.34,5.59,77.13,1.34,9.94,3.69
2020,5,14,6.98,27.36,4.95,87.88,1.96,9.93,9.73
2020,5,15,7.04,28.52,4.71,81.85,1.8,9.93,6.91
2020,5,16,7.2,28.73,5.21,81,1.98,10.01,1.91
2020,5,17,7.16,28.91,4.39,82.41,1.74,10.12,5.4
2020,5,18,7.25,28.87,5.5,82.13,1.49,9.97,4.19
2020,5,19,7.07,28.08,4.68,83.06,1.9,10.01,8.37
2020,5,20,7.26,28.78,5.43,77.36,1.53,9.96,3.81
2020,5,21,7.19,28.98,5.92,77.15,1.4,9.92,1.29
2020,5,22,7.11,28.67,5.01,76.76,1.49,10.08,2.49
2020,5,23,6.93,28.54,5.37,76.37,1.42,9.91,0.97
2020,5,24,7.2,29.97,6.3,69.35,1.25,9.82,0.4
2020,5,25,7.15,29.31,5.2,75.54,1.06,9.92,0.39
2020,5,26,7.07,28.93,6.05,75.55,1.29,9.84,1.11
2020,5,27,7.05,28.52,5.3,77.99,1.69,9.85,3.02
2020,5,28,7.1,28.25,4.8,79.36,1.31,9.86,4.69
2020,5,29,7.06,28.7,5.95,77.44,1.4,9.81,8.58
2020,5,30,7.1,28.94,5.88,74.46,1.44,9.77,1.19
2020,5,31,7.02,28.76,4.93,77.13,1.4,9.92,19.29
2020,6,1,7.1,28.58,5.09,76.6,1.6,9.89,22.78
2020,6,2,7.11,28.3,4.31,78.81,1.42,9.93,16.84
2020,6,3,7.14,29.39,6.06,74.82,1.18,9.84,34.04
2020,6,4,7.05,29.44,5.52,76.38,1.46,9.87,8.68
2020,6,5,7.1,28.99,6.11,77.86,1.64,9.8,12.44
2020,6,6,6.98,28.77,5.65,78.49,1.28,9.93,5.65
2020,6,7,6.78,29.03,4.8,74.02,1.26,9.93,9.74
2020,6,8,6.85,28.68,5.12,74.09,1.2,9.8,3.05
2020,6,9,6.87,28.25,5.31,79.95,1.99,9.7,24.11
2020,6,10,7,27.58,4.99,83.59,2.06,9.72,16.37
2020,6,11,6.84,27.93,5.34,78.83,1.79,9.65,14.23
2020,6,12,7.04,28.32,4.13,73.4,1.43,9.87,30.03
2020,6,13,6.82,28.22,5.68,78.47,1.66,9.84,6.09
2020,6,14,7.09,27.5,3.44,81.48,1.88,9.74,15.43
2020,6,15,6.98,27.71,5.38,76.63,1.43,9.83,13.87
2020,6,16,6.95,28.1,5.25,77.75,1.28,9.9,9.4
2020,6,17,6.94,28.19,5.25,79.57,1.4,9.97,2.89
2020,6,18,7.07,27.53,4.38,85.1,1.88,9.77,30.1
2020,6,19,7.09,27.94,5.27,80.51,1.48,9.78,1.9
2020,6,20,7.05,28.1,4.48,78.15,1.22,9.91,5.27
2020,6,21,7.02,28.17,5.39,77.02,1.43,9.88,1.75
2020,6,22,7.06,28.25,5.05,76.12,1.78,9.92,1.48
2020,6,23,7.03,28.9,5.32,75.48,1.46,9.87,1.6
2020,6,24,7.11,28.81,4.69,75.83,1.07,9.85,5.39
2020,6,25,7.08,28.8,4.78,72.68,1.3,9.78,8.24
2020,6,26,6.95,27.63,5.12,78.75,1.54,9.77,6.83
2020,6,27,7.04,26.78,2.4,84.26,1.3,9.84,16.07
2020,6,28,7.12,27.08,5.41,79.19,1.39,9.69,15.03
2020,6,29,7.05,27.32,5.02,74.6,1.07,9.93,2.12
2020,6,30,7.09,28.22,5.82,75.85,1.61,9.79,1.48
2020,7,1,6.98,27.85,5.32,79.88,1.79,9.84,8
2020,7,2,7.01,28.98,5.05,73.06,1.55,9.76,5.59
2020,7,3,7.03,27.27,5.04,79.48,1.81,9.73,8.63
2020,7,4,7.01,27.77,5.2,76.62,1.58,9.65,2.29
2020,7,5,7.12,28.31,5.58,74.54,1.25,9.72,1.79
2020,7,6,7.05,27.86,4.41,76.72,1.56,9.75,3.48
2020,7,7,7.17,27.93,4.84,76.34,1.32,9.79,3.29
2020,7,8,7.11,27.84,5.42,78.92,1.76,9.81,3.33
2020,7,9,7.16,27.48,5.4,80.05,1.74,9.69,1.96
2020,7,10,7.15,27.02,4.19,81.62,1.82,9.8,1.47
2020,7,11,7.1,28.31,5.64,73.28,1.25,9.82,1
2020,7,12,7.08,27.85,5.47,76.09,1.46,9.79,0.29
2020,7,13,7.09,28.16,5.84,75.85,1.73,9.74,0.35
2020,7,14,7.15,27.65,5.55,80.01,1.71,9.71,0.96
2020,7,15,6.99,27.87,4.86,77.59,1.68,9.92,2.27
2020,7,16,7.11,27.84,5.95,78.52,1.69,9.7,1.2
2020,7,17,7.14,28.86,4.73,72.33,1.15,9.83,1
2020,7,18,7.06,27.73,5.3,80.75,1.4,9.82,4.23
2020,7,19,7.14,27.99,5.57,79.6,1.44,9.81,4.05
2020,7,20,7.11,28.85,5.62,72.44,1.55,9.81,0.63
2020,7,21,7.19,28.36,5.62,73.55,1.55,9.81,6.15
2020,7,22,7.06,27.58,5.44,78.73,1.74,9.76,2.2
2020,7,23,7.24,27.79,4.14,76.53,1.43,9.76,2.15
2020,7,24,7.09,28.26,5.52,74.67,1.47,9.79,1.33
2020,7,25,7.13,28.43,5.76,74.28,1.45,9.68,4.62
2020,7,26,7.18,27.8,3.52,78.66,1.39,9.84,6.79
2020,7,27,7.05,26.8,4.87,84.55,1.82,9.9,14.71
2020,7,28,7.05,27.94,5.25,76.85,1.58,9.76,10.83
2020,7,29,7.07,27.59,5.87,79.81,2.22,9.7,12.92
2020,7,30,7.13,27.71,4.99,80.73,2.04,9.73,20.91
2020,7,31,7.22,26.91,5.04,83.46,1.75,9.7,12.33
2020,8,1,7.25,28.18,4.03,75.4,0.83,9.81,3.91
2020,8,2,7.12,27.22,4.72,82.38,1.84,9.82,7.04
2020,8,3,7.17,27.57,3.63,80.43,1.65,9.79,2.68
2020,8,4,7.03,27.56,5.06,82.97,2.02,9.78,10.46
2020,8,5,6.99,27.22,4.55,88.83,2.41,9.92,13.02
2020,8,6,7.09,27.33,4.27,86.01,2.04,9.87,15.55
2020,8,7,7.08,27.25,4.35,79.95,1.91,9.69,10.44
2020,8,8,7.2,27.78,5.51,79.67,2.03,9.75,4.94
2020,8,9,7.18,27.39,4.63,82.58,1.67,9.9,10
2020,8,10,7.16,28.37,4.97,75.43,1.47,9.83,1.58
2020,8,11,7.19,28.11,5.7,77.23,1.54,9.85,4.62
2020,8,12,7.19,27.68,4.88,78.71,1.87,10,8.52
2020,8,13,7.16,28.3,5.25,73.26,1.05,9.85,4.63
2020,8,14,7.14,28.56,5.99,74.79,1.39,9.76,1.51
2020,8,15,7.26,28.51,6.08,74.74,1.19,9.75,1.14
2020,8,16,7.19,28.23,5.45,78.19,1.49,9.86,3.06
2020,8,17,7.23,27.95,4.15,79.35,1.6,9.71,1.48
2020,8,18,7.16,28.05,5.16,78.75,1.71,9.66,7.44
2020,8,19,7.09,27.52,4.84,74.97,1.71,9.7,15.83
2020,8,20,7.19,28.62,5.72,75.09,1.42,9.76,11.73
2020,8,21,7.3,28.29,6.26,78.57,1.63,9.68,11.07
2020,8,22,7.38,28.45,3.05,73.29,1.43,9.8,9.52
2020,8,23,7.42,27.96,6.35,73.95,1.4,9.53,1.64
2020,8,24,7.41,28.7,6.22,71.25,1.24,9.6,0.31
2020,8,25,7.28,28.42,6.26,73.92,1.48,9.68,0.12
2020,8,26,7.29,28.41,5.86,78.37,1.9,9.78,0.73
2020,8,27,7.3,28.1,3.85,78.71,1.83,9.73,1.73
2020,8,28,7.28,28.83,5.74,74.03,1.64,9.87,1.4
2020,8,29,7.14,28.89,6.14,75.46,1.76,9.72,4.21
2020,8,30,7.26,28.57,5.73,74.93,1.64,9.55,6.93
2020,8,31,7.35,27.92,5.66,78.59,1.73,9.62,11.27
2020,9,1,7.37,28.25,5.85,76.78,1.57,9.83,7.03
2020,9,2,7.32,28.67,5.31,74.95,1.5,9.94,4.08
2020,9,3,7.33,28.06,6.07,78.79,1.72,9.78,3.16
2020,9,4,7.29,28.52,5.6,75.13,1.57,9.89,0.13
2020,9,5,7.41,28.88,6.05,74.98,1.63,9.74,0.23
2020,9,6,7.31,28.97,5.94,73.62,1.54,9.77,0.1
2020,9,7,7.15,28.18,4.03,78.67,1.52,9.88,0.86
2020,9,8,7.34,28.5,5.68,75.04,1.5,9.8,0.77
2020,9,9,7.35,27.77,6.06,78.79,1.71,9.84,1.07
2020,9,10,7.26,29.15,5.24,71.23,1.35,9.82,0.69
2020,9,11,7.32,28.57,5.52,76.21,1.63,9.8,0.23
2020,9,12,7.36,28.68,6.18,75.2,1.39,9.87,0.59
2020,9,13,7.39,28.82,5.01,74.05,1.3,9.94,0.8
2020,9,14,7.12,28.17,4.65,77.53,1.47,9.96,6.69
2020,9,15,7.07,27.92,5.06,79.21,2.31,9.8,11.96
2020,9,16,7.26,27.23,4.3,84.78,2.1,9.61,8.34
2020,9,17,7.27,27.7,4.35,77.14,1.37,9.81,2.53
2020,9,18,7.3,27.87,5.26,78.47,1.5,9.75,2.01
2020,9,19,7.37,28.56,6.21,76.43,1.3,9.74,0.58
2020,9,20,7.3,28.86,6.21,74.8,1.45,9.82,1.37
2020,9,21,7.4,29.3,6.29,75.26,1.37,9.8,3.45
2020,9,22,7.22,28.9,5.95,76.67,1.5,9.72,0.64
2020,9,23,7.27,28.29,5.21,78.09,1.43,9.7,2.59
2020,9,24,7.2,28.56,5.9,77.23,1.54,9.76,1.4
2020,9,25,7.26,28.68,6.45,75.78,1.58,9.63,1.56
2020,9,26,7.23,27.74,3.55,77.73,1.56,9.79,2.3
2020,9,27,7.2,28.24,4.57,73.87,1.43,9.74,1.11
2020,9,28,7.31,28.29,4.82,76.64,1.17,9.76,1.37
2020,9,29,7.05,28.29,5.24,78.43,1.47,9.91,4.94
2020,9,30,7.16,27.87,5.67,79.11,1.62,9.81,5.47
2020,10,1,7.13,28.57,5.87,78.07,1.77,9.77,3.09
2020,10,2,7.15,28.88,5.05,70.51,1.26,9.81,1.69
2020,10,3,7.09,29.06,5.9,74.75,1.27,9.88,7.69
2020,10,4,7.09,28.59,6.37,79.31,1.75,9.81,6.66
2020,10,5,7.01,28.49,5.77,79.71,1.45,9.71,5.71
2020,10,6,7.08,28.29,4.48,80.08,1.66,9.78,13.54
2020,10,7,6.93,27.56,3.3,80.01,1.74,9.74,6.05
2020,10,8,6.99,28.65,4.16,76.44,1.56,9.72,6.73
2020,10,9,7,28.49,5.27,75.37,1.57,9.83,2.8
2020,10,10,6.86,28.42,5.83,76.22,1.73,9.73,1.95
2020,10,11,6.84,28.69,4.79,74.26,1.43,9.85,3.2
2020,10,12,6.81,28.75,5.22,73.85,1.21,9.84,3.89
2020,10,13,6.82,28.25,4.21,80.13,1.85,9.86,4.31
2020,10,14,6.64,26.93,2.68,81.85,1.9,9.78,3.77
2020,10,15,6.75,28.01,4.57,74.91,1.53,9.84,3.86
2020,10,16,6.83,28.6,4.74,71.9,0.71,9.88,1.7
2020,10,17,6.9,27.96,5.29,79.24,1.53,9.92,5.85
2020,10,18,6.8,27.65,4.38,82.02,1.77,9.74,27.87
2020,10,19,6.65,27.14,4.45,84.69,1.4,9.82,13.21
2020,10,20,6.72,27.68,4.45,85.07,2.15,9.7,4.04
2020,10,21,6.83,28.02,5.5,82.07,1.79,9.69,10.43
2020,10,22,6.7,27.9,4.85,80.17,1.49,9.69,2.36
2020,10,23,6.66,28.37,5.16,77.81,1.11,9.7,12.62
2020,10,24,6.57,27.99,4.73,78.99,2.1,9.73,18.91
2020,10,25,6.52,27.44,3.69,82.43,2.14,9.68,13.54
2020,10,26,6.61,28.29,5.06,76.89,1.73,9.63,8.41
2020,10,27,6.59,27.55,4.55,81.17,1.53,9.67,5.35
2020,10,28,6.59,26.72,2.74,81.75,1.35,9.78,5.3
2020,10,29,6.82,28.17,5.78,74.01,1.11,9.64,2.28
2020,10,30,6.75,28.56,5.06,75.73,1.06,9.77,9.42
2020,10,31,6.76,28.27,4.68,83.35,1.71,9.83,6.01
2020,11,1,6.49,27.67,4.76,82.97,2.27,9.71,3.3
2020,11,2,6.54,28.52,4.39,77.46,1.65,9.67,1.09
2020,11,3,6.72,29.21,5.33,71.33,0.85,9.5,0.44
2020,11,4,6.49,28.42,5.16,78.4,1.19,9.73,1.48
2020,11,5,6.35,28.04,4.13,79.9,0.9,9.74,0.8
2020,11,6,6.32,27.27,4.46,81.59,1.57,9.64,2.45
2020,11,7,6.46,27.79,4.33,75.17,1.38,9.7,1.99
2020,11,8,6.32,28.61,5.11,72.85,1.24,9.56,4.18
2020,11,9,6.38,28.67,5.1,74.23,1.38,9.68,2.27
2020,11,10,6.52,27.94,4.45,79.58,1.7,9.74,11.72
2020,11,11,6.43,28.53,4.94,75.4,1.47,9.78,3.4
2020,11,12,6.51,27.62,4.64,83.74,1.94,9.73,5.88
2020,11,13,6.56,28.42,5.29,75.48,1.17,9.72,0.64
2020,11,14,6.63,28.1,5.01,81.43,1.48,9.66,1.47
2020,11,15,6.54,28.42,4.71,78.97,1.35,9.72,9.42
2020,11,16,6.46,27.96,4.58,81.76,1.7,9.79,6.95
2020,11,17,6.53,27.36,4.74,80.35,2.16,9.78,1.28
2020,11,18,6.43,28.1,4.56,77.37,1.25,9.76,1.23
2020,11,19,6.48,28.38,4.97,78.01,1.28,9.67,0.99
2020,11,20,6.56,28.59,5.46,75.59,1.36,9.63,0.22
2020,11,21,6.44,28.07,4.73,80.32,1.52,9.72,1.56
2020,11,22,6.47,27.79,4.33,81.72,1.22,9.77,1.44
2020,11,23,6.55,27.49,4.76,85.46,1.4,9.71,0.79
2020,11,24,6.49,27.81,2.93,81.17,1.31,9.77,4.73
2020,11,25,6.42,28.23,4.39,78,1.54,9.73,0.51
2020,11,26,6.3,27.84,4.54,81.91,1.61,9.76,1.68
2020,11,27,6.41,27.29,3.46,82.05,1.43,9.77,15.47
2020,11,28,6.45,28.45,4.64,76.5,1,9.74,2.33
2020,11,29,6.4,28.47,5.16,77.94,1.19,9.58,5.04
2020,11,30,6.47,28.55,5.45,75.51,1.07,9.62,13.02
2020,12,1,6.35,28.62,5.31,78.21,1.4,9.75,12.03
2020,12,2,6.26,28.37,5.04,80.62,1.48,9.68,11.53
2020,12,3,6.32,29.13,5.03,70.88,1.12,9.77,1.13
2020,12,4,6.2,29.15,5,73.37,0.96,9.86,2.88
2020,12,5,6.32,29,5.52,74.69,1.06,9.77,3.69
2020,12,6,6.32,28.52,3.3,77.19,1.17,9.9,51.53
2020,12,7,6.3,27.82,5.4,82.26,1.67,9.77,6.16
2020,12,8,6.28,27.4,4.46,82.69,1.55,9.73,4.04
2020,12,9,6.31,27.85,5.27,77.65,1.61,9.75,0.67
2020,12,10,6.36,27.71,5.46,78.98,1.51,9.65,0.26
2020,12,11,6.35,28.33,5.87,75.13,1.34,9.59,0.36
2020,12,12,6.37,28.54,5.85,76.46,1.07,9.73,5.44
2020,12,13,6.4,28.66,5.85,75.25,1.19,9.63,6.62
2020,12,14,6.38,28.14,4.18,76.83,0.99,9.62,10.95
2020,12,15,6.3,27.97,4.08,76.04,1.09,9.58,10.46
2020,12,16,6.32,27.64,4.52,80.16,1.29,9.56,7.23
2020,12,17,6.42,26.29,2.43,90.56,2.18,9.59,47.34
2020,12,18,6.28,26.28,1.02,88.2,3.19,9.83,16.89
2020,12,19,6.17,27.3,4.09,82.61,1.94,9.75,4.05
2020,12,20,6.11,27.25,4.21,83.96,1.65,9.72,5.43
2020,12,21,6.28,27.42,3.61,81.11,1.53,9.73,4.52
2020,12,22,6.26,27.75,5.6,78.26,1.52,9.69,0.45
2020,12,23,6.23,26.59,4.47,88.03,1.56,9.55,4.62
2020,12,24,6.25,28.1,5.03,75.94,1.2,9.5,0.8
2020,12,25,6.27,27.19,3.04,82.17,1.46,9.54,7.74
2020,12,26,6.16,26.14,3.87,86.25,1.56,9.74,12.23
2020,12,27,6.02,26.98,4.77,82.32,1.56,9.64,7.64
2020,12,28,5.93,27.54,3.18,80.25,1.23,9.86,6.79
2020,12,29,6.15,27.83,4.95,76.46,1.07,9.8,1.35
2020,12,30,6.26,27.47,5.32,79.33,1.17,9.68,2.45
2020,12,31,6.31,27.57,4.8,79.27,1.18,9.73,2.69
2021,1,1,6.31,26.58,2.11,85.1,1.27,9.69,11.56
2021,1,2,6.31,26.61,4.08,84.83,1.81,9.67,24.86
2021,1,3,6.24,27.2,3.78,79.96,1.53,9.79,3.97
2021,1,4,6.23,26.11,2.67,86.66,1.55,9.71,15.82
2021,1,5,6.28,27.39,4.22,84.5,1.08,9.69,29.33
2021,1,6,6.4,27.66,2.62,84.51,1.39,9.6,8.13
2021,1,7,6.32,26.95,2.38,80.51,1.02,9.75,6.75
2021,1,8,6.34,27.37,4.84,79.5,1.55,9.63,2.14
2021,1,9,6.24,27.45,4.55,79.28,1.52,9.75,1.16
2021,1,10,6.18,27.51,4.09,80.75,1.29,9.88,2.18
2021,1,11,6.41,26.31,1.19,89.28,1.81,9.75,11.14
2021,1,12,6.35,26.83,4.16,90.77,2.64,9.74,24.23
2021,1,13,6.42,27.26,5.04,84.95,1.53,9.73,0.58
2021,1,14,6.27,27.73,4.01,81.63,1.55,9.94,2.26
2021,1,15,6.21,28.01,3.75,78.24,1.06,9.97,2.26
2021,1,16,6.32,27.75,4.16,76.98,0.97,9.8,6.26
2021,1,17,6.3,27.45,2.98,78.3,1.19,9.65,22.26
2021,1,18,6.5,25.24,0.84,89.75,2.16,9.57,35.43
2021,1,19,6.46,26.72,4.3,85.65,1.86,9.76,4.54
2021,1,20,6.34,26.95,4.68,86.2,1.71,9.84,14.37
2021,1,21,6.39,26.61,3.84,86,1.9,9.76,8.3
2021,1,22,6.54,27.08,3.7,81.15,1.32,9.74,4.05
2021,1,23,6.47,27.36,3.84,76.97,1.21,9.67,1.04
2021,1,24,6.52,27.67,5.36,78.06,1.14,9.48,3.98
2021,1,25,6.56,27.59,4.82,79.22,1.26,9.62,3.58
2021,1,26,6.63,28.18,4.8,75.62,0.87,9.55,8.47
2021,1,27,6.8,27.18,5.46,76.86,1.7,9.22,0.93
2021,1,28,6.78,27.13,5.48,77.47,1.09,9.42,1.9
2021,1,29,6.65,26.24,4.14,83.84,2.51,9.67,5.07
2021,1,30,6.73,25.58,3.64,84.87,2.34,9.53,1.77
2021,1,31,6.75,26.5,4.49,83.03,2.02,9.58,37.33
2021,2,1,6.61,27.38,3.98,82,1.58,9.7,23.12
2021,2,2,6.68,27.09,4.33,81.61,1.49,9.57,2.74
2021,2,3,6.77,26.96,5.3,82.44,1.68,9.51,1.48
2021,2,4,6.71,26.96,3.89,79.78,1.66,9.87,3.23
2021,2,5,6.74,27.64,4.66,78.87,1.16,9.77,2.37
2021,2,6,6.76,27.05,5.47,81.06,1.76,9.33,0.17
2021,2,7,6.8,26.58,3.03,85.91,1.37,9.56,2.42
2021,2,8,6.8,25.42,2.14,91.34,2.58,9.66,39.36
2021,2,9,6.68,26.35,5.12,83.23,1.85,9.59,4.49
2021,2,10,6.72,27.48,5.12,83.04,1.84,9.7,10.41
2021,2,11,6.7,27.41,4.72,83.53,1.74,9.89,16.79
2021,2,12,6.69,27.73,4.92,82.36,1.67,9.88,23.81
2021,2,13,6.62,27.69,5.15,83.09,1.51,9.77,23
2021,2,14,6.68,26.72,5.22,82.42,1.57,9.75,24.95
2021,2,15,6.67,27.68,5.39,80.45,1.42,9.72,16.44
2021,2,16,6.95,27.5,4.36,79.15,1.25,9.82,1.65
2021,2,17,7.02,26.46,5.47,80.61,2.03,9.39,1.4
2021,2,18,6.95,25.81,4.92,86.24,2.62,9.45,4.21
2021,2,19,7.11,25.59,4.05,86.58,3.59,9.42,1.93
2021,2,20,7.1,25.07,4.66,88.53,2.95,9.64,3.63
2021,2,21,6.9,26.82,1.84,85.66,2.01,9.87,6.71
2021,2,22,7,28.01,6.08,80.33,1.19,9.65,0.9
2021,2,23,6.99,27.84,5.38,81.05,1.53,9.65,2.59
2021,2,24,7.03,27.47,4.74,78.06,1.74,9.77,0.84
2021,2,25,7.21,27.65,6.03,74.03,1.3,9.51,0.4
2021,2,26,7.14,27.97,5.6,78.85,1.14,9.77,0.37
2021,2,27,7.08,28.17,5.94,72.05,1.2,9.72,0.33
2021,2,28,7.16,27.62,5,80.95,1.04,9.84,9.39
2021,3,1,7.18,28.33,5.76,78.4,1.01,9.66,0.9
2021,3,2,7.2,27.65,5.69,80.55,1.68,9.53,1.4
2021,3,3,7.44,26.6,6.39,75.51,1.97,9.15,0.02
2021,3,4,7.38,26.98,5.68,78.05,1.77,9.44,0.08
2021,3,5,7.3,27.13,5.56,79.9,1.8,9.49,0.43
2021,3,6,7.2,27.19,5.23,78.4,1.84,9.5,0.65
2021,3,7,7.38,26.69,5.8,78.39,1.92,9.31,0.68
2021,3,8,7.38,27.14,5.63,78.44,1.29,9.39,1.39
2021,3,9,7.27,26.4,4.36,86.1,1.71,9.63,3.77
2021,3,10,7.3,25.84,3.48,88.38,2.08,9.69,6.68
2021,3,11,7.3,26.35,3.56,86.68,1.98,9.57,6.39
2021,3,12,7.21,26.62,3.87,79.55,1.84,9.67,5.11
2021,3,13,7.26,27.74,5.55,78.67,1.79,9.63,6.2
2021,3,14,7.27,28.41,5.86,75.88,1.23,9.62,7.82
2021,3,15,7.29,29.44,6.19,75.1,1.23,9.72,14.82
2021,3,16,7.24,28.88,5.78,78.52,1.47,9.79,6.34
2021,3,17,7.34,27.99,5.68,77.08,1.02,9.6,1.52
2021,3,18,7.47,27.98,6.22,79.52,1.26,9.47,0.26
2021,3,19,7.28,28.01,5.47,76.77,1.29,9.67,0.14
2021,3,20,7.42,27.5,5.16,82.5,1.49,9.8,2.23
2021,3,21,7.4,27.77,4.38,81.43,1.53,9.74,3.67
2021,3,22,7.45,27.82,6.22,79.67,1.66,9.46,0.83
2021,3,23,7.42,27.36,5.56,80.07,1.75,9.67,1.57
2021,3,24,7.37,27.04,3.36,85.28,1.42,9.74,6.87
2021,3,25,7.37,27.98,6.23,78.03,1.33,9.5,0.53
2021,3,26,7.37,27.58,6.23,76.63,1.56,9.46,0.03
2021,3,27,7.44,27.26,3.73,85.37,1.51,9.68,4.16
2021,3,28,7.35,27.5,4.52,86.23,1.3,9.8,2.72
2021,3,29,7.5,27.69,5.04,83.17,1.45,9.78,11.76
2021,3,30,7.28,27.1,3.76,84.6,1.59,9.79,4.35
2021,3,31,7.36,26.96,2.52,85.41,1.47,9.95,4.48
2021,4,1,7.46,28.31,4.88,80.58,1.11,9.96,2.27
2021,4,2,7.36,27.38,4.78,88.96,1.93,9.99,9.07
2021,4,3,7.44,28.05,6.2,79.19,1.61,9.72,1.3
2021,4,4,7.6,27.88,6.67,79.3,1.34,9.5,0.13
2021,4,5,7.28,27.84,6.46,81.29,1.62,9.74,0.2
2021,4,6,7.26,28,6.64,78.32,1.42,9.52,0.38
2021,4,7,7.21,28.29,6.49,77.4,1.19,9.62,0.67
2021,4,8,7.09,26.82,4.52,83.06,1.38,9.95,6.74
2021,4,9,7.15,28.35,5.39,76.87,1.14,10.04,5.26
2021,4,10,7.25,27.42,5.52,83.73,1.43,10,8.45
2021,4,11,7.34,28.16,4.58,78.36,1.09,9.97,11.31
2021,4,12,7.42,28.15,5.95,78.31,1.21,9.68,6.48
2021,4,13,7.3,27.84,5.86,79.56,1.65,9.8,3.8
2021,4,14,7.28,28.4,4.92,77.44,1.1,9.82,7.66
2021,4,15,7.27,28.4,5.46,77.64,1.62,9.75,18.95
2021,4,16,7.31,27.53,5.09,75.84,1.34,9.81,5.14
2021,4,17,7.34,27.45,2.71,82.8,2.17,9.63,3.07
2021,4,18,7.21,27.72,4.5,83.2,2.9,9.59,1.35
2021,4,19,7.39,27.88,4.16,80.86,2.68,9.58,0.92
2021,4,20,7.17,27.82,5.34,79.65,2.46,9.58,0.56
2021,4,21,7.34,28.12,5.98,77.39,1.65,9.55,1.07
2021,4,22,7.32,28.54,5.96,75.25,1.47,9.63,2.24
2021,4,23,7.36,28.34,6.31,75.35,1.51,9.6,2.22
2021,4,24,7.31,28.26,6.06,78.53,1.86,9.7,2.26
2021,4,25,7.23,28.33,5.79,78.4,1.8,9.74,3.27
2021,4,26,7.07,28.78,5.15,74.43,1.23,9.95,13.78
2021,4,27,7.2,26.01,2.92,88.01,1.6,9.93,32.05
2021,4,28,7.18,28.17,6.1,77.5,1.2,9.73,1.06
2021,4,29,7.3,28.33,5.8,78.32,1.62,9.94,1.86
2021,4,30,7.31,28.69,6.08,75.74,1.32,9.73,0.56
2021,5,1,7.31,28.3,5.91,80.64,1.27,9.76,2.2
2021,5,2,7.32,27.45,5.2,85.18,1.31,9.81,2.16
2021,5,3,7.36,28.14,5.18,78.88,1.24,9.74,0.78
2021,5,4,7.39,27.92,4.08,80.75,1.25,9.77,1.11
2021,5,5,7.43,28.35,5.77,78.42,1.5,9.71,0.17
2021,5,6,7.24,28.56,5.56,77.31,1.43,9.78,1.12
2021,5,7,7.24,28.09,3.83,82.04,1.03,9.81,10.43
2021,5,8,7.19,27.92,5.05,79.95,1.08,9.89,3.6
2021,5,9,7.24,28.38,5.98,77.47,1.31,9.87,10.57
2021,5,10,7.13,28.14,4.32,78.92,1.25,9.93,18.71
2021,5,11,6.92,27.7,4.69,78.87,0.97,9.95,5.33
2021,5,12,7.21,27.45,3.4,83.1,1.4,9.99,4.32
2021,5,13,7.15,28.35,4.45,80.36,1.37,9.88,7.93
2021,5,14,7.23,27.65,2.9,82.01,1.74,9.88,30.14
2021,5,15,7.09,28.26,4.86,81.76,1.22,9.93,3.18
2021,5,16,7.15,28.39,5.48,80.23,1.26,9.81,1.16
2021,5,17,7.14,27.92,4.44,83.91,1.51,9.91,1.44
2021,5,18,7.07,26.89,2.63,89.3,1.66,9.96,56.43
2021,5,19,7.18,27.22,5.38,84.81,1.86,9.91,8.45
2021,5,20,7.06,28.14,4.96,77.92,1.17,9.8,3.71
2021,5,21,7.12,27.95,5.09,79.24,1.46,9.8,6.26
2021,5,22,7.02,28.07,5.8,78.77,1.5,9.83,2.3
2021,5,23,6.96,27.73,5.53,83.47,1.56,9.83,1.31
2021,5,24,7.04,28.2,5.72,79.01,1.32,9.89,0.74
2021,5,25,7.06,28.71,4.04,76.2,1.07,9.91,6.84
2021,5,26,6.96,28.36,5.36,82.16,1.29,9.96,5.97
2021,5,27,7.02,28.95,5.94,78.39,1.24,9.98,1.93
2021,5,28,7.08,30.51,5.76,73.81,0.72,9.96,4.23
2021,5,29,6.9,29.29,5.54,80.03,0.9,9.94,11.89
2021,5,30,6.92,27.95,4.65,80.77,1.45,9.81,49.73
2021,5,31,7.06,27.36,1.73,81.14,1.8,9.8,28.67
2021,6,1,6.86,26.78,1.93,84.59,2.49,9.64,2.66
2021,6,2,7.04,28.33,6.03,74.71,1.68,9.5,1.76
2021,6,3,7.11,28.9,5.91,75.4,1.28,9.65,0.61
2021,6,4,6.84,28.6,5.23,79.56,1.51,9.88,5.23
2021,6,5,6.94,28.11,5.2,78.38,1.69,9.95,3.66
2021,6,6,6.98,28.48,3.54,75.81,1.48,9.92,10.74
2021,6,7,6.76,28.89,5.46,72.93,1.22,9.85,7.23
2021,6,8,6.95,28.96,5.48,67.49,1,9.81,11.4
2021,6,9,6.75,29.05,5.09,73.07,0.96,9.79,18.43
2021,6,10,6.88,27.88,5.2,78.06,1.24,9.81,27.3
2021,6,11,6.79,28.13,5,81.7,1.87,9.76,13.28
2021,6,12,7.08,26.91,4.4,85.08,1.67,9.75,20.73
2021,6,13,7.01,27.95,5.68,76.56,1.5,9.73,0.94
2021,6,14,6.95,28.25,5.01,75.87,1.47,9.71,1.38
2021,6,15,7.09,27.7,5.91,79.86,1.84,9.64,3.66
2021,6,16,7.07,27.63,4.62,80.97,1.72,9.85,3.56
2021,6,17,7.09,27.68,5.66,79.74,1.5,9.79,1.88
2021,6,18,7.08,28,5.64,76.84,1.36,9.68,0.29
2021,6,19,7.07,28.34,5.65,76,1.53,9.72,0.95
2021,6,20,7.11,28.54,5.62,73.79,1.4,9.62,1.89
2021,6,21,7.06,28.59,5.65,73.91,1.4,9.59,1.08
2021,6,22,6.99,28.48,5.34,76.21,1.23,9.6,2.33
2021,6,23,6.92,27.98,5.84,79.06,1.48,9.6,1.33
2021,6,24,7.05,28.23,5.57,76.15,1.57,9.77,1.51
2021,6,25,7.03,27.93,5.54,77.47,1.55,9.75,2.21
2021,6,26,7.15,28.71,5.7,74.26,1.36,9.69,3.16
2021,6,27,6.97,27.27,4.45,79.54,1.69,9.78,2.83
2021,6,28,7.04,28.07,6.01,73.91,1.52,9.67,0.34
2021,6,29,7.1,28.57,5.77,73.9,1.33,9.73,0.68
2021,6,30,7.04,28.61,5.2,75.16,1.52,9.79,1.07
2021,7,1,6.95,29.27,5.5,71.37,0.9,9.76,2.06
2021,7,2,6.86,27.86,5.26,80.88,1.18,9.85,13.68
2021,7,3,6.9,27.43,4.95,84.34,1.9,9.65,47.97
2021,7,4,6.85,27.99,4.41,78.02,1.89,9.64,1.26
2021,7,5,6.99,27.25,4.84,80.3,1.71,9.61,82.02
2021,7,6,7.06,28.12,5.04,74.82,1.04,9.64,47.51
2021,7,7,6.98,27.26,4.49,78.1,1.4,9.63,17.89
2021,7,8,7.09,27.58,5.44,78.2,1.26,9.77,29.17
2021,7,9,7.07,27.11,3.37,81.56,1.57,9.73,85.56
2021,7,10,7.06,27.86,5.78,75.41,1.66,9.72,6.37
2021,7,11,7.13,28.15,6.42,79.16,1.74,9.82,2.41
2021,7,12,7.1,28.21,5.68,78.91,1.64,9.87,3.69
2021,7,13,7.15,27.51,3.94,79.19,1.31,9.81,8.66
2021,7,14,7.16,28.64,5.92,73.04,1.22,9.92,1.19
2021,7,15,7.07,28.23,5.73,78.27,1.77,9.8,2.9
2021,7,16,6.95,27.36,4.35,83.09,2.02,9.75,20.1
2021,7,17,7.13,28.19,4.86,76.5,1.69,9.57,0.74
2021,7,18,6.98,27.96,5.06,79.75,1.68,9.82,3.67
2021,7,19,7.1,28,4.29,80.18,1.87,9.76,4.28
2021,7,20,7.18,28.65,6.36,72.98,1.5,9.6,1.97
2021,7,21,7.23,28.45,6.67,77.75,1.78,9.59,1.37
2021,7,22,7.17,28.22,6.09,80.09,1.85,9.53,0.39
2021,7,23,7.13,28.2,6.05,78.45,2.18,9.6,0.53
2021,7,24,7.19,28.27,6.5,80.08,2.14,9.73,0.82
2021,7,25,7.2,28.68,6.71,79.39,1.85,9.59,1.38
2021,7,26,7.08,28.4,5.35,80.9,1.67,9.67,2.14
2021,7,27,7.13,28.29,5.69,82.6,2.11,9.74,1.09
2021,7,28,7.16,28.25,6.3,82.65,1.87,9.7,3.83
2021,7,29,7.22,28.43,6.53,80.51,1.55,9.69,2.44
2021,7,30,7.28,28.77,6.39,76.94,1.39,9.86,8.22
2021,7,31,7.24,28.94,6.43,74.96,1.14,9.74,7.37
2021,8,1,7,28.87,6.21,76.42,1.33,9.7,7.45
2021,8,2,7.06,28.38,6.29,79.29,1.39,9.61,3.87
2021,8,3,7.13,28.02,6.38,81.98,1.89,9.72,1.67
2021,8,4,7.23,28.39,6.18,78.36,1.66,9.65,3.67
2021,8,5,7.17,27.7,5.77,82.62,1.91,9.67,10.52
2021,8,6,7.18,28.57,5.92,77.59,1.55,9.78,20.29
2021,8,7,7.11,27.19,5.12,84.35,1.52,9.84,31.97
2021,8,8,7.16,27.92,2.65,72.51,1.1,9.72,14.71
2021,8,9,7.18,27.62,4.25,72.41,0.9,9.72,1.58
2021,8,10,7.22,27.82,6.1,75.95,1.69,9.64,0.55
2021,8,11,7.43,28.07,6.47,77.56,1.74,9.68,0.25
2021,8,12,7.4,28.65,6.83,75.17,1.38,9.63,1.29
2021,8,13,7.3,28.2,3.4,75.11,1.26,9.74,4.29
2021,8,14,7.29,27.84,5.78,77.27,1.55,9.6,0.92
2021,8,15,7.44,27.9,6.89,77.31,1.59,9.55,0.37
2021,8,16,7.35,28.37,5.27,75.03,1.08,9.83,4.42
2021,8,17,7.28,28.36,5.86,76.48,1.45,9.78,4.61
2021,8,18,7.5,28.41,7.05,75.24,1.59,9.59,0.77
2021,8,19,7.43,28.4,6.48,74.08,1.5,9.75,0.31
2021,8,20,7.41,28,5.92,79.14,1.72,9.89,1.82
2021,8,21,7.34,27.35,2.84,80.69,1.64,9.76,5.61
2021,8,22,7.31,28.16,5.65,74.1,1.5,9.7,3.07
2021,8,23,7.44,28.46,6.54,74.84,1.65,9.67,3.17
2021,8,24,7.23,28.55,5.92,72.56,1.3,9.65,7.12
2021,8,25,7.3,26.63,5.42,84.95,1.85,9.74,3.28
2021,8,26,7.07,28.17,5.18,75,1.66,9.77,2.9
2021,8,27,7.27,27.94,5.59,78.02,1.64,9.77,4
2021,8,28,7.24,27.34,4.25,80.13,1.59,9.81,6.03
2021,8,29,7.42,27.93,5.84,78.1,1.76,9.69,2.82
2021,8,30,7.39,28,4.23,76.08,1.53,9.8,0.93
2021,8,31,7.34,28.22,6.47,75.69,1.34,9.77,1.58
2021,9,1,7.27,28.45,5.14,77.08,1.61,9.91,4.03
2021,9,2,7.33,28.2,5,78.19,1.84,9.86,3.53
2021,9,3,7.43,28.5,6.12,73.83,1.68,9.74,1.17
2021,9,4,7.29,28.62,6.04,74,1.59,9.82,1.48
2021,9,5,7.24,28.39,5.05,76.94,1.9,9.87,3.51
2021,9,6,7,27.69,3.37,82.05,2.02,9.68,11.71
2021,9,7,7.21,27.89,5.35,82.15,1.77,9.7,1.3
2021,9,8,7.25,28.21,5.72,78.23,1.75,9.64,3.77
2021,9,9,7.05,27.73,5.36,79.86,1.96,9.69,3.5
2021,9,10,7.14,27.75,5.01,80.67,1.93,9.64,3.95
2021,9,11,7.2,27.41,5.4,82.92,1.73,9.9,4.26
2021,9,12,7.15,27.54,3.97,78.82,1.44,9.9,3.63
2021,9,13,7.25,27.55,5.16,79.43,1.82,9.75,4.75
2021,9,14,7.43,27.68,3.69,77.37,1.51,9.83,1.4
2021,9,15,7.25,27.48,4.86,78.01,1.09,9.75,1.49
2021,9,16,6.98,27.48,5.64,79.67,1.37,9.75,5.8
2021,9,17,7.14,27.73,5.39,78.48,2.1,9.74,3.97
2021,9,18,7.16,28.51,5.64,75.36,1.22,9.84,10.45
2021,9,19,7.2,26.64,5.68,86.94,1.66,9.74,83.33
2021,9,20,7.12,27.45,5.24,80.72,1.5,9.8,22.69
2021,9,21,7.17,27.3,5.18,82.53,1.94,9.71,7.67
2021,9,22,7.21,27.65,4.9,77.26,1.53,9.72,3.57
2021,9,23,7.25,28.78,6.25,73.05,0.88,9.73,0.37
2021,9,24,7.19,28.78,5.89,74.38,0.78,9.73,1.28
2021,9,25,7.05,27.98,4.31,76.27,0.66,9.9,14.52
2021,9,26,7.15,28.57,5.91,73.45,1.33,9.73,1.82
2021,9,27,7.13,28.88,6.05,75.94,1.47,9.83,2.05
2021,9,28,7.25,28.57,5.34,75.93,1.47,9.76,1.99
2021,9,29,7.14,28.85,5.73,75.56,1.41,9.76,1.34
2021,9,30,7.18,28.74,5.8,75.6,1.47,9.81,1
2021,10,1,7.1,28.93,5.87,73.68,1.42,9.71,0.33
2021,10,2,6.81,27.88,5.57,80.38,1.89,9.8,6.24
2021,10,3,6.89,28.56,2.25,73.31,1.22,9.86,0.97
2021,10,4,6.86,27.71,4.52,82.41,2.58,9.73,3.82
2021,10,5,7.03,27.8,5.04,76.89,2.05,9.65,6.68
2021,10,6,6.91,29.15,5.21,65.25,1.14,9.76,0.11
2021,10,7,7.04,29.03,5.54,75.42,1.56,9.71,0.69
2021,10,8,6.87,28.12,3.18,80.18,2.57,9.67,2.79
2021,10,9,6.94,27.32,2.21,82.99,2.9,9.71,2.59
2021,10,10,6.83,27.9,4.22,79.73,3.35,9.7,0.52
2021,10,11,6.79,28.6,3.4,79.73,2.58,9.99,5.78
2021,10,12,6.84,29.24,5.22,72.69,1.5,9.71,1.85
2021,10,13,6.88,27.86,5.36,80.06,1.39,9.73,14.66
2021,10,14,6.66,28.56,5.15,76.85,1.3,10.01,3.11
2021,10,15,6.68,26.99,4.09,91.33,2.08,9.9,35.3
2021,10,16,6.84,28.59,5.6,74.83,1.51,9.79,1.49
2021,10,17,6.88,28.56,5.5,79.29,1.57,9.9,1.44
2021,10,18,7.04,28.76,5.26,74.78,0.92,9.75,3.6
2021,10,19,6.98,28.17,4.81,80.38,1.34,9.82,4.5
2021,10,20,6.95,27.8,4.57,80,1.35,9.8,25.44
2021,10,21,6.95,28.19,5.12,77.5,1.06,9.69,13.35
2021,10,22,6.88,27.48,5.18,80.94,1.59,9.96,12.33
2021,10,23,6.74,28.08,4.54,79.56,2,9.76,8.37
2021,10,24,6.72,28.76,4.42,70.61,1.15,9.66,1.62
2021,10,25,6.68,29.22,5.48,73.65,0.86,9.84,21.9
2021,10,26,6.69,27.35,5.22,86.39,1.41,10.01,21.19
2021,10,27,6.7,28.15,4.19,80.97,1.76,10.06,13.4
2021,10,28,6.93,28.45,6.01,75.72,1.67,9.7,1.17
2021,10,29,6.84,28.57,5.22,75.53,1.45,9.74,1.28
2021,10,30,6.81,28.28,6.15,73.11,1.23,9.55,0.08
2021,10,31,6.78,27.83,4.04,73.71,1.17,9.8,11.23
2021,11,1,6.76,27.92,4.93,76.47,1.62,9.68,7.56
2021,11,2,6.77,28.02,5.27,78.8,1.62,9.76,1.38
2021,11,3,6.65,28.08,5.39,78.07,1.5,9.81,0.12
2021,11,4,6.64,28.39,5.26,77.21,1.51,9.78,0.35
2021,11,5,6.66,28.86,5.39,72.65,1.28,9.77,0.37
2021,11,6,6.61,28.55,5.37,73.96,1.1,9.68,1.88
2021,11,7,6.62,28.36,4.77,80.03,1.33,9.89,2.85
2021,11,8,6.65,28.52,4.79,78.31,1.31,9.91,6.48
2021,11,9,6.66,27.76,2.91,85.06,1.33,9.84,29.28
2021,11,10,6.57,27.95,5,80.31,1.3,9.75,102.12
2021,11,11,6.6,28.13,4.55,77.32,1.24,9.78,7.32
2021,11,12,6.64,28.12,2.42,75.8,1.02,9.78,2.59
2021,11,13,6.62,28.06,4.99,78.22,1.11,9.77,2.01
2021,11,14,6.44,28.59,4.92,78.42,1.34,9.91,11.6
2021,11,15,6.51,28.81,4.26,77.81,1.18,9.79,9.54
2021,11,16,6.41,27.27,4.11,81,1.46,9.87,9.76
2021,11,17,6.39,28.66,5.02,74.97,1.05,9.77,1.91
2021,11,18,6.33,28.95,5.68,75.7,1.26,9.7,1.27
2021,11,19,6.25,29.46,4.96,73.11,1,9.88,5.75
2021,11,20,6.36,28.36,4.95,80.18,1.38,9.93,3.9
2021,11,21,6.42,28.37,5.17,78.54,1.66,9.81,4.23
2021,11,22,6.49,28.56,4.44,76.42,0.85,9.63,1.1
2021,11,23,6.66,27.78,4.52,82.22,1.42,9.61,0.35
2021,11,24,6.42,27.3,4.14,83.4,1.39,9.81,5.55
2021,11,25,6.46,27.99,2.62,76.3,0.95,9.75,4.53
2021,11,26,6.34,27.34,2.45,79.57,1.14,9.75,2.88
2021,11,27,6.41,27.54,2.93,78.96,0.83,9.8,1.48
2021,11,28,6.4,28.21,4.65,78.19,1.19,9.72,4.53
2021,11,29,6.45,28.05,3.3,80.78,0.94,9.81,3.55
2021,11,30,6.34,28.23,5.42,74.76,1.24,9.68,0.05
2021,12,1,6.14,28.27,4.75,74.52,1.32,9.73,1.09
2021,12,2,6.2,28.71,4.71,78.85,1.23,9.75,1.12
2021,12,3,6.16,26.71,1.98,90.98,1.7,9.77,11.17
2021,12,4,6.15,26.98,5.07,82.1,1.99,9.63,0.42
2021,12,5,6.12,27.18,4.6,81.61,2.21,9.54,0.62
2021,12,6,6.25,27.56,4.44,81.17,1.88,9.52,0.27
2021,12,7,6.14,27.51,3.82,79.26,1.08,9.74,8.56
2021,12,8,6.35,28.53,4.95,74.39,1.06,9.56,0.09
2021,12,9,6.24,27.37,5.18,85.41,1.89,9.63,6.09
2021,12,10,6.29,28.02,3.68,82.16,1.11,9.91,3.08
2021,12,11,6.21,28.55,5.11,78.77,0.91,9.71,0.35
2021,12,12,6.26,27.96,5.12,84.6,1.08,9.72,1.66
2021,12,13,6.25,28.21,4.93,79.43,1.19,9.64,0.56
2021,12,14,6.28,27.23,1.41,87.72,1.76,9.55,14.06
2021,12,15,6.29,27,4.33,84.99,1.94,9.48,3.96
2021,12,16,6.26,26.58,0.57,88.77,2.82,9.6,40.67
2021,12,17,6.17,28.04,4.24,82.82,1.64,9.65,0.31
2021,12,18,6.23,28.51,5.53,79.28,1.3,9.6,0.06
2021,12,19,6.2,28.1,4.46,79.27,1.2,9.7,1.45
2021,12,20,6.27,27.51,5.17,82.7,1.51,9.55,0.92
2021,12,21,6.34,27.05,2.92,81.26,1.31,9.67,2.46
2021,12,22,6.2,27.12,1.78,79.8,1.18,9.65,1.08
2021,12,23,6.24,26.87,4.49,83.31,1.57,9.57,1.3
2021,12,24,6.27,26.79,3.46,81.5,1.42,9.54,1.48
2021,12,25,6.17,26.87,4.65,81.07,1.56,9.65,3.19
2021,12,26,6.32,26.95,4.66,83.8,1.71,9.61,1.63
2021,12,27,6.27,26.48,2.47,88.34,1.43,9.67,5.42
2021,12,28,6.34,26.08,2.35,89.52,1.38,9.49,4.56
2021,12,29,6.29,25.99,3.12,83.68,1.87,9.48,3.57
2021,12,30,6.22,26.8,4.25,82.5,1.46,9.53,2.78
2021,12,31,6.3,26.55,2.22,85.63,1.61,9.57,2.28
2022,1,1,6.3,26.08,4.28,88.06,1.6,9.54,2.94
2022,1,2,6.26,26.99,4.22,79.31,1.41,9.43,0.81
2022,1,3,6.3,27.24,3.79,83.29,1.08,9.74,3.52
2022,1,4,6.27,26.43,4.59,85.44,1.72,9.65,0.94
2022,1,5,6.29,26.52,4.85,81.99,2.06,9.58,0.16
2022,1,6,6.35,26.86,5.55,80.16,1.87,9.59,0.06
2022,1,7,6.39,27.03,5.91,81.41,1.65,9.5,0.01
2022,1,8,6.36,27.45,5.61,80.17,1.18,9.43,0.45
2022,1,9,6.32,28.11,5.42,77.4,1.01,9.48,0.32
2022,1,10,6.36,27.14,5.33,78.25,1.21,9.54,0.05
2022,1,11,6.48,27.97,5.55,79.37,1.1,9.43,0.04
2022,1,12,6.55,27.59,5.82,81,1.39,9.43,0.62
2022,1,13,6.37,27.5,3.94,82.89,1.59,9.95,8.79
2022,1,14,6.44,26.56,3.26,81.18,2.7,9.6,5.27
2022,1,15,6.47,25.22,3.37,85.59,2.33,9.57,8.25
2022,1,16,6.5,25.73,2.48,92.21,2.17,9.76,28.14
2022,1,17,6.5,26.86,3.18,85.51,1.42,9.72,3.47
2022,1,18,6.52,26.99,4.98,81.7,1.6,9.65,1.02
2022,1,19,6.48,27.5,4.62,78.55,1.24,9.69,0.33
2022,1,20,6.51,26.93,5.49,81.32,1.52,9.57,0.02
2022,1,21,6.55,26.67,5.61,81.61,1.42,9.39,0.18
2022,1,22,6.51,25.46,5.03,88.09,1.64,9.61,1.65
2022,1,23,6.57,26.31,4.27,87.54,1.7,9.67,16.89
2022,1,24,6.41,25.9,3.17,89.05,1.78,9.65,6.3
2022,1,25,6.53,26.72,4.58,83.51,1.62,9.69,12.73
2022,1,26,6.53,26.83,4.28,86.22,2.33,9.83,3.6
2022,1,27,6.67,27.26,3.66,84.32,1.61,9.78,7.76
2022,1,28,6.61,27.1,5.31,79.5,1.15,9.63,1.79
2022,1,29,6.71,27.36,5.91,76.14,1.32,9.46,0.05
2022,1,30,6.72,28.14,5.8,73.92,0.85,9.6,0.43
2022,1,31,6.65,27.35,5.49,80.37,1.21,9.39,0.36
2022,2,1,6.87,26.8,3.64,81.8,1.68,9.47,0.51
2022,2,2,6.8,26.25,3.7,83.05,1.67,9.53,4.46
2022,2,3,6.8,26.08,3.1,81.02,1.96,9.49,1.34
2022,2,4,6.7,25.48,2.88,85.49,1.98,9.56,5.35
2022,2,5,6.73,25.97,4.72,83.17,2.32,9.69,1.73
2022,2,6,6.83,27.03,4.99,81.13,1.93,9.71,0.74
2022,2,7,6.83,26.77,4.54,80.35,1.79,9.66,0.48
2022,2,8,6.86,27.03,3.44,84.6,1.54,9.92,19.48
2022,2,9,6.72,26.34,4.01,85.87,1.57,9.67,13.34
2022,2,10,6.87,26.37,3.42,85.03,1.76,9.6,1.36
2022,2,11,6.77,27.67,4.31,83.22,1.09,9.92,3.68
2022,2,12,7.07,27.38,5.3,77.91,1.42,9.56,4.57
2022,2,13,6.91,27.22,4.24,80.64,1.54,9.56,3.36
2022,2,14,6.84,27.49,5.49,80.76,1.48,9.48,2.18
2022,2,15,6.88,27.03,3.7,82.32,1.36,9.72,2.35
2022,2,16,6.89,27.12,5.9,82.28,1.65,9.4,0.33
2022,2,17,6.95,26.42,5.48,80.91,1.77,9.28,0.07
2022,2,18,6.89,26.24,4.01,87.14,1.43,9.65,8.14
2022,2,19,6.81,26.63,2.54,82.13,1.4,9.73,9.83
2022,2,20,6.97,26.18,2.36,81.55,1.19,9.63,16.78
2022,2,21,7.03,26,3.7,83.69,1.98,9.53,10.42
2022,2,22,7.05,26.14,4.42,81.78,1.44,9.51,1.05
2022,2,23,7.16,26.44,3.36,82.51,1.45,9.62,1.5
2022,2,24,7.06,26.84,4.38,84.4,1.39,9.69,2.73
2022,2,25,7.18,25.77,2.82,85.62,1.9,9.44,14.27
2022,2,26,7.27,26.56,3.99,84.31,1.56,9.6,9.34
2022,2,27,7.14,26.86,3.25,85.12,1.4,9.65,22.93
2022,2,28,7.13,26.68,4.98,80.22,1.33,9.66,2.29
2022,3,1,7.19,27.3,3.2,80.47,0.96,9.71,7.09
2022,3,2,7.21,27.48,4.74,81.72,1.11,9.74,1.8
2022,3,3,7.21,27.66,5.41,78.81,1.4,9.6,0.36
2022,3,4,7.25,28,6.75,76.62,0.97,9.54,0.59
2022,3,5,7.21,27.28,4.15,83.64,1.05,9.77,4.17
2022,3,6,7.12,25.61,4.6,89.29,2.22,9.88,19.58
2022,3,7,7.23,26.63,4.5,89.88,1.71,9.99,51.47
2022,3,8,7.24,27.38,4.66,86.53,2.21,9.9,4.6
2022,3,9,7.21,27.55,4.34,86.83,1.91,10.03,2.92
2022,3,10,7.12,27.12,5.64,85.51,1.89,9.75,2.21
2022,3,11,7.19,27.43,5.83,82.16,1.88,9.85,1.78
2022,3,12,7.23,28.14,4.99,80.13,1.49,9.94,1.96
2022,3,13,7.24,28.3,5.81,76.98,1.11,9.87,1.15
2022,3,14,7.38,27.65,5.52,81.56,1.43,9.83,4.74
2022,3,15,7.3,28.16,5.77,79.32,1.39,9.98,0.95
2022,3,16,7.41,28.1,5.57,81.13,1.51,9.85,2.03
2022,3,17,7.42,27.95,3.69,80.53,1.39,9.79,8.58
2022,3,18,7.37,27.98,6.01,77.35,1.16,9.73,0.73
2022,3,19,7.36,28.34,5.71,78.35,1.15,9.75,1.21
2022,3,20,7.22,27.26,3.32,83.29,1.25,9.8,8.54
2022,3,21,7.34,27.13,3.6,77.77,1.12,9.82,4.3
2022,3,22,7.4,27.56,6.24,79.02,0.94,9.63,0.24
2022,3,23,7.45,28.17,5.85,75.78,0.95,9.64,0.19
2022,3,24,7.3,27.85,4.69,80.27,1.4,9.76,0.27
2022,3,25,7.35,27.63,5.56,76.29,1.22,9.51,0.21
2022,3,26,7.46,26.66,3.53,83.41,1.44,9.72,5.34
2022,3,27,7.44,26.3,2.03,85.07,1.93,9.72,19.49
2022,3,28,7.37,27.67,5.65,75.26,1.59,9.84,2.17
2022,3,29,7.39,27.6,6.11,79.2,1.54,9.63,5
2022,3,30,7.61,28.32,7.17,76.2,1.2,9.45,1.77
2022,3,31,7.45,27.85,6.97,80.27,1.55,9.59,2.29
2022,4,1,7.44,27.36,4.86,79.81,1.07,9.65,4.07
2022,4,2,7.41,27.07,4.27,81.68,1.59,9.81,10.4
2022,4,3,7.29,27.43,5.3,77.35,1.33,9.81,8.78
2022,4,4,7.33,27.98,5.5,76.98,0.88,9.75,1.71
2022,4,5,7.41,27.91,2.11,79.51,0.86,9.83,17.13
2022,4,6,7.33,26.3,2.29,89.12,1.65,9.92,33.43
2022,4,7,7.29,27.62,4.56,81.36,1.29,9.76,19.17
2022,4,8,7.3,27.45,4.66,82.76,2.18,9.85,9.91
2022,4,9,7.16,27.14,4.56,85.24,2.73,9.76,6.03
2022,4,10,7.36,27.72,4.25,81.91,2.6,9.84,3.11
2022,4,11,7.25,27.67,4.08,82.4,2.47,9.85,6.4
2022,4,12,7.32,27.82,4.65,81.8,2.73,9.82,10.19
2022,4,13,7.3,27.78,5.37,80.66,2.34,9.83,1.07
2022,4,14,7.29,28.19,5.64,76.93,1.41,9.55,1.45
2022,4,15,7.12,28.66,6.1,73.36,0.97,9.48,1.06
2022,4,16,7.07,27.89,5.46,79.97,1.48,9.86,4.73
2022,4,17,7.13,28.11,5.04,79.24,1.43,9.95,10.95
2022,4,18,7.23,27.88,4.92,80.96,1.43,9.98,4.73
2022,4,19,7.34,27.8,4.05,83.84,1.74,10.02,8.88
2022,4,20,7.31,28.44,5.24,78.6,1.33,9.86,3.42
2022,4,21,7.27,27.84,5.24,82.41,1.41,9.85,2.63
2022,4,22,7.41,28.27,5.33,79.18,1.08,9.69,1.43
2022,4,23,7.37,26.43,4.43,89.9,2.02,9.78,3.69
2022,4,24,7.32,28.14,5.93,78,1.27,9.81,0.3
2022,4,25,7.31,28.41,5.53,78,1.05,9.89,1.5
2022,4,26,7.35,27.93,4.53,80.98,1.31,9.87,9.31
2022,4,27,7.29,27.02,4.33,83.81,1.85,9.83,7.71
2022,4,28,7.26,26.65,4.34,83.8,1.46,9.88,9.66
2022,4,29,7.29,27.63,5.55,79.38,1.12,9.88,7.44
2022,4,30,7.33,28.44,3.51,76.34,1.08,9.89,1.65
2022,5,1,7.32,26.84,4.24,87.94,1.68,9.85,13.18
2022,5,2,7.25,27.97,3.34,82.85,1.41,9.9,9.42
2022,5,3,7.22,27.8,3.15,81.35,1.55,9.85,11.91
2022,5,4,7.29,28.19,3.35,79.36,1.62,9.86,3.84
2022,5,5,7.2,28.44,4.39,80.17,1.13,9.82,5.09
2022,5,6,7.31,28.26,6.08,79.59,1.34,9.82,0.37
2022,5,7,7.18,28.08,4.76,82.78,1.38,9.94,2.41
2022,5,8,7.22,28.34,4.64,81.56,1.25,10.03,34.9
2022,5,9,7.13,28.4,3.32,83.02,1.03,9.96,9.99
2022,5,10,7.18,27.64,5.14,84.85,0.86,9.9,6.03
2022,5,11,7.02,28.14,4.89,80.76,1.18,9.93,1.62
2022,5,12,7.11,27.49,5.58,84.38,1.55,9.85,2.99
2022,5,13,7.24,27.45,4.94,85.61,2.04,9.89,3.39
2022,5,14,7.03,27.05,5.36,85.41,2.3,9.85,10.12
2022,5,15,7.06,27.14,3.98,82.18,1.69,9.8,5.14
2022,5,16,6.99,27.97,5.7,78.73,1.67,9.79,0.24
2022,5,17,7.17,28.26,5.41,78.97,1.78,9.8,0.75
2022,5,18,7.24,28.4,5.91,78.58,1.66,9.78,0.34
2022,5,19,7.14,27.53,5.1,82.74,1.48,9.87,9.53
2022,5,20,7.17,28.07,5.69,77.54,1.62,9.81,0.33
2022,5,21,7.09,27.93,5.1,80.55,1.55,9.82,2.57
2022,5,22,7.08,27.53,5.35,80.13,1.4,9.79,1.84
2022,5,23,7.09,28.16,5.78,77.79,1.68,9.77,0.57
2022,5,24,7.08,28.34,3.95,75.72,1,9.8,0.52
2022,5,25,7.07,27.81,3.48,76.68,1.35,9.69,1.08
2022,5,26,7.12,26.77,3.6,83.26,1.74,9.86,7.35
2022,5,27,6.97,27.89,5.54,77.02,1.54,9.79,2.76
2022,5,28,7.02,27.7,4.84,80.07,1.66,9.67,16.26
2022,5,29,6.99,27.62,4.72,78.4,1.49,9.78,11.59
2022,5,30,7.16,27.45,3.65,78.73,1.25,9.74,8.75
2022,5,31,7.05,27.96,6.18,76.96,1.28,9.72,4.43
2022,6,1,7.08,27.54,5.82,82.6,1.78,9.82,4.52
2022,6,2,7.24,27.83,6.4,79.71,1.62,9.53,3.59
2022,6,3,7.21,28.3,6.38,75.76,1.41,9.7,2.29
2022,6,4,7.14,28.21,5.99,77.66,1.58,9.82,3.79
2022,6,5,7.09,27.91,4.25,78.16,1.54,9.69,4
2022,6,6,7.14,27.52,6.48,77.83,1.54,9.56,0.4
2022,6,7,7.23,27.87,6.47,79.39,1.72,9.72,0.94
2022,6,8,6.98,28.19,5.27,76.09,1.39,9.82,1.79
2022,6,9,7.16,27.95,5.42,78.44,1.52,9.76,0.64
2022,6,10,7.14,28.44,6.08,75.23,1.5,9.6,0.18
2022,6,11,7.23,28.59,6.52,72.32,1.52,9.58,0.22
2022,6,12,7.12,28.57,6.46,71.38,1.19,9.78,0.42
2022,6,13,6.96,28.07,5.59,78.21,1.34,9.81,2.32
2022,6,14,7.04,27.38,5.31,82.18,1.82,9.69,2.18
2022,6,15,7.22,27.89,6.73,77.28,1.64,9.51,0.38
2022,6,16,7.19,28.32,3.87,72.59,1.05,9.8,3.88
2022,6,17,7.14,28.52,6.15,68.88,1.16,9.73,3.19
2022,6,18,7.14,28.22,6.25,73.86,1.38,9.7,0.58
2022,6,19,7.02,28.43,5.35,76.87,1.53,9.88,1.3
2022,6,20,7.05,28.37,5.46,76.55,1.35,9.69,2.16
2022,6,21,7.01,28.1,4.22,77.29,1.53,9.61,1.49
2022,6,22,7.04,27.98,3.95,74.6,1.32,9.77,3.01
2022,6,23,7.17,28.23,6.53,75.84,1.76,9.71,0.31
2022,6,24,7.2,28.74,6.74,73.41,1.46,9.56,0.2
2022,6,25,7.04,28.54,4.2,75.17,1.09,9.87,1.07
2022,6,26,6.96,28.3,4.87,75.38,1.56,9.86,4.1
2022,6,27,6.95,27.93,5.12,79.17,1.9,9.72,4.16
2022,6,28,6.92,27.69,5.42,80.61,1.73,9.72,7.43
2022,6,29,6.9,27.75,5.21,80.83,1.78,9.67,5.31
2022,6,30,7.05,27.66,5.7,80.22,1.77,9.68,2.32
2022,7,1,7.09,28.13,5.7,78.2,1.64,9.8,3.46
2022,7,2,7.08,27.65,3.01,79.32,1.38,9.84,17.53
2022,7,3,6.93,27.88,4.43,79.34,1.18,9.8,31.09
2022,7,4,7.01,28.32,4.82,78.6,1.21,9.65,8.57
2022,7,5,6.88,28.14,5.26,78.64,1.63,9.77,6.57
2022,7,6,6.87,28.41,5.54,75.4,1.32,9.73,13.57
2022,7,7,7.01,28.14,5.15,76.54,1.42,9.83,10.22
2022,7,8,6.84,27.55,4.66,78.51,1.52,9.81,17.29
2022,7,9,6.75,27.37,4.42,80.5,1.74,9.75,4.18
2022,7,10,7.04,28.16,5.09,77.71,1.75,9.79,1.41
2022,7,11,7.11,27.87,5.29,80.2,1.55,9.73,4.77
2022,7,12,6.95,27.52,4.61,83.39,1.79,9.76,6
2022,7,13,6.98,28.41,5.27,75.12,1.09,9.9,5.09
2022,7,14,6.99,28.18,5.36,78.97,1.49,9.94,4.58
2022,7,15,7,28.31,4.63,78.22,1.37,9.89,4.29
2022,7,16,7.02,27.63,3.38,79.89,1.47,9.84,20.59
2022,7,17,6.94,27.94,4.95,78.78,1.68,9.81,10
2022,7,18,7.02,27.34,4.28,82.61,2.04,9.75,23.59
2022,7,19,6.94,27.47,5.6,78.99,1.5,9.79,23.09
2022,7,20,6.95,28.27,5.54,75.07,1.47,9.73,0.42
2022,7,21,7.07,28.16,5.61,78.44,1.63,9.82,2.76
2022,7,22,7.16,28,4.84,79.14,1.69,9.9,2.71
2022,7,23,7,29.09,5.49,74.57,1.23,9.83,2.49
2022,7,24,7.12,28.08,5.22,78.77,1.37,9.71,4.1
2022,7,25,7.09,28.03,4.82,79.58,1.63,9.82,3.97
2022,7,26,7.13,27.78,5.29,79.18,1.69,9.77,6.56
2022,7,27,7.21,27.51,5.32,79.66,1.53,9.77,20
2022,7,28,7.11,28.22,5.06,77.2,1.79,9.8,2.33
2022,7,29,7.24,28.35,5.71,76.97,1.94,9.63,0.86
2022,7,30,7.08,28.09,5.2,77.99,1.83,9.85,2.35
2022,7,31,7.29,26.74,3.68,85.4,1.68,9.72,10.61
2022,8,1,7.23,27.71,5.23,77.13,1.57,9.75,3.56
2022,8,2,7.04,27.92,4.64,76.18,1.26,9.96,2.84
2022,8,3,7.18,27.6,5.53,79.12,1.55,9.83,1.35
2022,8,4,7.14,27.77,5.06,78.86,1.84,9.8,4.16
2022,8,5,7.23,27.65,4.19,77.51,1.78,9.75,7.79
2022,8,6,7.19,27.77,5.66,77.44,1.8,9.78,2.32
2022,8,7,7.2,27.8,4.38,78.55,1.21,9.7,10.85
2022,8,8,7.08,26.34,3.7,85.12,1.74,9.75,23.89
2022,8,9,7.04,28.13,4.9,74.58,0.86,9.73,32.76
2022,8,10,7.18,26.49,4.31,86.44,1.16,9.76,106.59
2022,8,11,7.07,28.07,5.68,76.6,1.46,9.84,3.22
2022,8,12,7.21,28.39,6.15,78.35,1.63,9.84,2.28
2022,8,13,7.15,28.21,4.18,79.16,1.66,9.81,4.83
2022,8,14,7.18,27.37,4.3,84.67,2.08,9.73,10.71
2022,8,15,7.22,27.61,4.53,76.89,1.74,9.6,1.09
2022,8,16,6.97,26.94,5.55,77.62,1.49,9.72,7.38
2022,8,17,7.14,26.62,5.32,85.37,1.65,9.74,6.01
2022,8,18,7.05,26.65,3.09,78.37,1,9.76,6.51
2022,8,19,7.17,27.92,5.67,76.08,1.38,9.84,2.76
2022,8,20,7.29,27.92,5.3,78.46,1.82,9.74,1.03
2022,8,21,7.25,28.27,6.08,76.45,1.77,9.54,0.93
2022,8,22,7.29,27.69,4.98,82.82,1.83,9.65,2.54
2022,8,23,7.35,27.22,4.82,83.02,1.91,9.67,1.14
2022,8,24,7.37,27.54,5.46,79.78,1.74,9.73,2.45
2022,8,25,7.34,28.11,5.5,74.93,1.39,9.76,1.15
2022,8,26,7.33,28.47,5.81,74.36,1.45,9.86,0.63
2022,8,27,7.38,28.13,6.37,76.32,1.81,9.77,0.47
2022,8,28,7.42,28.17,6.39,77.41,1.68,9.64,0.28
2022,8,29,7.26,28.29,4.82,77.05,1.38,9.87,5.42
2022,8,30,7.32,28.88,5.99,73.25,1.44,9.87,0.45
2022,8,31,7.4,28.61,6.19,76.75,1.85,9.79,0.67
2022,9,1,7.35,28.29,6.02,76.62,1.73,9.71,0.89
2022,9,2,7.31,28.01,6.55,78.51,1.66,9.6,0.48
2022,9,3,7.25,28.05,5.93,79.87,1.71,9.7,1.59
2022,9,4,7.26,27.27,4.86,82.5,1.67,9.83,2.03
2022,9,5,7.27,27.63,5.17,78.96,1.55,9.73,1.36
2022,9,6,7.38,28,4.86,74.76,1.39,9.72,1.24
2022,9,7,7.2,28.06,5.32,74.48,1.26,9.75,0.26
2022,9,8,7.2,28.07,5.45,77.78,1.48,9.79,6.03
2022,9,9,7.28,28.6,6.28,74.95,1.56,9.67,1.62
2022,9,10,7.46,28.45,6.78,74.69,1.6,9.48,0.42
2022,9,11,7.43,28.63,6.84,72.01,1.57,9.43,0.52
2022,9,12,7.2,28.25,6.01,74.33,1.52,9.73,0.36
2022,9,13,7.33,28.66,6.09,76.3,1.9,9.76,1.89
2022,9,14,7.32,28.47,6.2,77.4,1.91,9.68,2.51
2022,9,15,7.24,27.9,5.53,79.3,1.83,9.69,5.63
2022,9,16,7.28,28.39,6.24,74.57,1.72,9.62,1.3
2022,9,17,7.31,28.7,6.49,74.85,1.33,9.52,2.67
2022,9,18,7.35,28.68,6.43,74.8,1.82,9.68,0.56
2022,9,19,7.35,28.26,6.37,76.82,1.82,9.45,0.96
2022,9,20,7.3,29.03,5.89,71.5,1.56,9.86,1.19
2022,9,21,7.3,28.33,5.79,76.84,1.49,9.7,1.07
2022,9,22,7.29,28.96,6.16,73.36,1.18,9.62,0.48
2022,9,23,7.23,27.74,6.04,80.96,1.7,9.69,4.95
2022,9,24,7.12,28.42,5.56,77.08,2.07,9.78,3.03
2022,9,25,7.2,28.34,5.39,80.28,2.28,9.73,8.62
2022,9,26,7.24,28.47,6.28,75.72,1.74,9.61,1.73
2022,9,27,7.03,28.46,5.61,74.33,1.46,9.73,3.22
2022,9,28,7.18,27.52,4.45,80.28,1.23,9.74,39.65
2022,9,29,7.21,28.01,5.37,76.23,1.43,9.8,4.77
2022,9,30,7.23,28.44,6.03,75.52,1.46,9.74,1.7
2022,10,1,7.16,27.89,4.7,71.93,1.11,9.85,3.79
2022,10,2,7.15,28.06,4.87,77.51,1.45,9.91,5.7
2022,10,3,7.17,27.91,4.33,77.03,1.57,9.67,0.73
2022,10,4,7.1,28.45,4.89,73.59,1.27,9.82,4.67
2022,10,5,7.08,27.39,3.85,80.9,1.51,9.75,6.42
2022,10,6,7.07,28.03,5.14,76.59,1.66,9.87,0.55
2022,10,7,7.15,28.34,6.07,74.43,1.48,9.69,0.35
2022,10,8,7.06,29.32,5.62,69.83,1.17,9.77,0.15
2022,10,9,6.96,28.92,4.18,75.88,1.52,9.95,0.69
2022,10,10,7.05,29.32,6.04,77.28,1.3,9.81,2.91
2022,10,11,6.93,28.6,5.61,80.82,1.79,9.83,3.04
2022,10,12,6.99,27.96,5.62,83.61,1.75,9.8,7.73
2022,10,13,6.92,28.83,5.94,77.94,1.44,9.7,3.13
2022,10,14,6.89,28.59,5.73,80.4,1.73,9.71,5.5
2022,10,15,6.72,28.34,5.1,79.42,1.67,9.76,3.57
2022,10,16,6.8,28.97,5.17,74.95,1.1,9.74,6.53
2022,10,17,6.69,28.41,4.64,75.35,1.17,9.78,14.05
2022,10,18,6.86,27.97,5.35,79.49,1.35,9.82,8.83
2022,10,19,6.92,27.52,5,82.86,1.67,9.7,2.67
2022,10,20,6.97,27.79,4.55,81.2,1.71,9.7,3
2022,10,21,6.95,27.6,5.27,81.5,1.58,9.79,1.91
2022,10,22,6.79,27.89,5.06,80.83,1.27,9.79,3.33
2022,10,23,6.79,28.57,4.35,75.63,1.12,9.84,6.35
2022,10,24,6.77,29,5.12,75.48,1.32,9.72,73.23
2022,10,25,6.64,28.77,4.9,75.93,1.49,9.9,51.51
2022,10,26,6.66,27.92,4.7,82.75,2.24,9.86,9.99
2022,10,27,6.78,27.83,4.73,85.42,2.53,9.79,6.19
2022,10,28,6.73,27.75,1.99,87.26,2.8,9.7,9.46
2022,10,29,6.71,28.42,4.45,83.07,2.42,9.77,3.73
2022,10,30,6.72,28.27,5.91,80.86,1.99,9.58,0.62
2022,10,31,6.59,28.07,5.91,81.86,1.8,9.61,1.13
2022,11,1,6.52,28.47,3.5,79.5,1.31,9.84,8.35
2022,11,2,6.57,27.72,4.24,83.55,1.97,9.91,6.06
2022,11,3,6.57,27.25,1.2,86.07,1.79,9.79,1.64
2022,11,4,6.7,28.54,5.1,75.82,0.92,9.65,0.59
2022,11,5,6.71,27.9,5.08,83.39,1.48,9.84,1.42
2022,11,6,6.65,28.79,5.55,75.2,0.93,9.81,0.99
2022,11,7,6.6,28.69,5.03,76.59,0.89,9.86,7.68
2022,11,8,6.5,28.69,4.94,76.82,0.84,9.81,2.38
2022,11,9,6.6,28.07,4.39,81.39,0.88,9.84,6.3
2022,11,10,6.73,28.2,5.16,77.64,1.31,9.68,3.36
2022,11,11,6.66,27.37,3.01,84.54,1.4,9.76,3.66
2022,11,12,6.62,27.97,4.65,78.18,1.26,9.72,4.87
2022,11,13,6.57,28.09,4.63,80.15,1.22,9.68,4.08
2022,11,14,6.62,28.9,5.1,76.22,1.29,9.73,0.5
2022,11,15,6.52,28.4,5.59,78.63,1.34,9.73,0.5
2022,11,16,6.4,27.88,3.92,78.42,1.2,9.69,3.62
2022,11,17,6.6,26.33,3.42,89.25,1.5,9.66,30.57
2022,11,18,6.5,26.4,3.76,86.89,1.41,9.68,13.22
2022,11,19,6.44,27.34,2.99,79.27,1.33,9.78,1.18
2022,11,20,6.45,27.47,3.53,77.29,1.28,9.79,2.98
2022,11,21,6.31,28.38,4.83,75.76,0.96,9.87,0.16
2022,11,22,6.56,28,5.64,78.28,1.01,9.65,18.37
2022,11,23,6.27,27.34,5.03,82.46,1.3,9.65,4.34
2022,11,24,6.44,27.52,3.44,83.91,1.9,9.8,1.89
2022,11,25,6.27,27.84,4.41,80.71,1.59,9.79,6.93
2022,11,26,6.38,28.04,5.26,75.28,1.12,9.55,1.97
2022,11,27,6.42,27.28,4.96,80.42,1.67,9.57,0.29
2022,11,28,6.31,27.1,5.35,86.43,1.64,9.53,2.37
2022,11,29,6.49,27.28,4.17,81.89,1.44,9.69,1.93
2022,11,30,6.41,26.41,3.08,86.58,1.77,9.76,8.64
2022,12,1,6.42,26.6,3.14,82.66,1.97,9.65,10.26
2022,12,2,6.36,27.61,4.57,77.7,1.24,9.61,9.96
2022,12,3,6.4,27.76,5.39,77.78,1.23,9.51,0.31
2022,12,4,6.39,27.75,3.76,78.52,1.17,9.7,7.35
2022,12,5,6.33,26.88,2.47,81.75,1.26,9.61,32.02
2022,12,6,6.32,27.39,5.15,79.43,1.36,9.48,3.68
2022,12,7,6.32,27.58,5.21,76.52,1.27,9.6,0.57
2022,12,8,6.36,27.52,3.51,76.64,1.35,9.73,1.72
2022,12,9,6.17,27.24,4.02,81.95,1.75,9.79,7.31
2022,12,10,6.19,27.65,4.3,81.06,1.99,9.71,0.81
2022,12,11,6.21,27.18,5.36,80.83,2.16,9.57,0.39
2022,12,12,6.13,28.05,4.85,77.72,1.53,9.8,0.3
2022,12,13,6.15,28.13,5.09,78.89,1.21,9.72,0.92
2022,12,14,6.12,27.66,3.65,80.19,1.05,9.7,5.66
2022,12,15,6.32,27.46,4.02,82.92,1.46,9.63,2.42
2022,12,16,6.35,26.97,3.28,84.22,1.41,9.59,3.11
2022,12,17,6.22,27.88,4.48,78.91,1.37,9.64,0.71
2022,12,18,6.35,26.13,4.18,90.29,1.78,9.58,4.56
2022,12,19,6.2,25.84,3.15,85.7,1.74,9.64,5.03
2022,12,20,6.18,26.52,4.4,84.88,1.63,9.66,3.77
2022,12,21,6,27.49,4.38,82.57,1.54,9.87,0.72
2022,12,22,6.06,28.16,4.79,82.08,1.16,9.9,9.45
2022,12,23,6.1,27.75,4.6,80.41,1.27,9.97,15.95
2022,12,24,6.1,28.46,4.45,81.02,1.2,9.92,6.27
2022,12,25,6.09,28.74,3.89,73.51,0.95,9.87,16.1
2022,12,26,6.18,26.41,0.94,84.69,2.33,9.69,3.51
2022,12,27,6.22,26.05,3.72,90.16,1.74,9.6,32.46
2022,12,28,6.28,26.41,4.14,85.2,1.88,9.56,3.84
2022,12,29,6.13,27.64,4.71,80.12,1.52,9.69,3.54
2022,12,30,6.16,27.64,4.74,79.53,1.46,9.72,1.85
2022,12,31,6.22,27.16,5.02,81.94,1.18,9.68,12.25
2023,1,1,6.31,25.94,2.6,87.54,1.67,9.62,4.69
2023,1,2,6.26,26.76,1.82,81.19,1.32,9.63,71.82
2023,1,3,6.16,26.92,4.15,83.48,1.47,9.6,4.63
2023,1,4,6.23,26.71,3.48,83.8,1.46,9.66,2.37
2023,1,5,6.24,26.54,4.01,82.61,1.44,9.67,3.06
2023,1,6,6.19,26.72,5.33,84.26,1.8,9.51,1.8
2023,1,7,6.33,25.91,2.84,85.05,2.09,9.51,5.8
2023,1,8,6.34,25.24,2.46,88.26,2.32,9.44,1.88
2023,1,9,6.27,26.01,3.5,87.48,1.43,9.63,2.16
2023,1,10,6.27,26.58,3.27,81.56,1.53,9.59,1.16
2023,1,11,6.38,26.02,4.19,84.47,1.42,9.49,3.38
2023,1,12,6.27,26.29,3.79,83.06,1.53,9.76,2.38
2023,1,13,6.26,27.91,4.43,77.84,0.82,9.74,6.94
2023,1,14,6.22,26.85,2.89,86.52,1.55,9.74,74.24
2023,1,15,6.21,27.46,4.34,80.48,1.38,9.75,1.45
2023,1,16,6.28,27.87,4.5,77.2,1.07,9.81,1.92
2023,1,17,6.4,27.81,3.63,79.51,1,9.64,1.89
2023,1,18,6.29,27.62,4.69,78.46,1.16,9.7,1.21
2023,1,19,6.4,26.86,4.55,83.18,1.19,9.67,0.61
2023,1,20,6.45,26.52,4.61,84.21,1.58,9.68,1.85
2023,1,21,6.56,26.82,3.16,81.92,1.33,9.5,7.46
2023,1,22,6.49,25.9,2.32,81.59,1.53,9.49,8.86
2023,1,23,6.52,25.76,2.52,89.26,1.7,9.7,12.26
2023,1,24,6.43,26.97,3.38,84.46,1.45,9.78,13.11
2023,1,25,6.61,25.77,2.35,87.31,2.81,9.5,5.43
2023,1,26,6.49,26.83,4.12,89.3,1.89,9.68,22.04
2023,1,27,6.43,27.35,4.58,83.73,1.44,9.78,1.34
2023,1,28,6.47,27.03,5.26,80.51,1.2,9.57,1.41
2023,1,29,6.53,25.97,1.36,93,2.42,9.71,6.85
2023,1,30,6.56,26.76,3.23,88.04,2.07,9.79,2.22
2023,1,31,6.59,27.69,4.43,80.11,1.14,9.7,0.52
2023,2,1,6.61,27.64,4.51,78.35,1.25,9.73,1.38
2023,2,2,6.65,27.07,4.89,84.34,1.41,9.72,3.65
2023,2,3,6.77,26.39,5.18,83.16,1.88,9.38,0.96
2023,2,4,6.79,26.66,4.29,84.47,1.57,9.5,0.78
2023,2,5,6.76,27.15,5.07,75.47,1.13,9.5,1.72
2023,2,6,6.9,26.71,5.59,80.42,1.13,9.46,3.84
2023,2,7,6.83,27.25,4.2,78.98,1.02,9.6,2.87
2023,2,8,6.94,26.95,4.2,80.76,1.34,9.4,11.13
2023,2,9,6.91,26.61,4.22,84.92,1.15,9.75,3.81
2023,2,10,6.69,26.93,5.1,83.68,1.36,9.48,4.77
2023,2,11,6.9,26.72,5.54,80.08,1.41,9.5,0.23
2023,2,12,6.88,26.59,4.59,84.81,1.79,9.69,2.97
2023,2,13,6.82,26.26,3.7,91.89,1.59,9.8,6.65
2023,2,14,6.97,25.92,2.32,89.02,1.75,9.75,15.74
2023,2,15,6.88,25.84,4.35,81.94,1.76,9.44,2.97
2023,2,16,6.97,26.95,4.38,81.02,1.5,9.42,2.4
2023,2,17,6.96,25.67,1.5,88.42,2.19,9.56,52.96
2023,2,18,6.9,27.23,4.06,82.64,1.62,9.72,3.87
2023,2,19,6.85,27,5.48,84.69,1.8,9.64,3.58
2023,2,20,7.02,27.15,4.96,80.79,1.69,9.85,13.98
2023,2,21,6.92,28.04,5.34,81.82,1.34,9.89,26.62
2023,2,22,6.97,27.6,4.84,83.05,1.26,9.85,6.88
2023,2,23,7.1,27.46,5.54,82.04,1.27,9.62,0.91
2023,2,24,7.14,27.93,4.91,80.17,1.14,9.73,0.32
2023,2,25,7.02,27.46,4.63,80.52,1.28,9.67,5.22
2023,2,26,7.09,27.17,4.79,84.81,1.52,9.67,5.23
2023,2,27,7.26,27.38,4.54,82.94,1.28,9.72,4.46
2023,2,28,7.23,27.65,4.76,81.4,1.56,9.73,2.73
2023,3,1,7.11,27.69,4.65,82.09,1.05,9.6,7.54
2023,3,2,7.23,27,2.81,83.54,1.29,9.73,1.8
2023,3,3,7.26,26.56,6.11,81.84,1.83,9.2,0.25
2023,3,4,7.21,26.05,4.51,84.97,1.76,9.66,1.35
2023,3,5,7.21,27,5.9,82.33,1.31,9.61,0.8
2023,3,6,7.22,26.24,5.94,81.7,1.99,9.43,2
2023,3,7,7.2,26.58,2.59,86.88,1.87,9.72,1.36
2023,3,8,7.35,27.24,6.75,83.2,1.49,9.55,0.4
2023,3,9,7.4,27.46,6.13,82.02,1.5,9.67,0.2
2023,3,10,7.52,27.14,6.96,79.13,1.67,9.34,0
2023,3,11,7.5,26.76,6.96,80.94,1.85,9.45,0.67
2023,3,12,7.35,26.95,5.95,81.7,1.58,9.76,2.57
2023,3,13,7.29,26.97,4.97,84.92,1.66,9.83,7.63
2023,3,14,7.34,25.91,3.1,87.58,1.89,9.65,3
2023,3,15,7.31,27.35,6.44,78.52,1.16,9.49,1.17
2023,3,16,7.3,27.44,5.72,83.34,1.24,9.75,1.15
2023,3,17,7.39,27.52,6.36,81.51,1.14,9.74,0.89
2023,3,18,7.41,27.01,5.19,85.12,1.3,9.68,3.31
2023,3,19,7.37,27.26,6.23,83.13,1.09,9.73,1.21
2023,3,20,7.42,27.68,5.72,80.33,1.45,9.79,0.1
2023,3,21,7.58,27.45,6.92,78.51,1.55,9.42,0.02
2023,3,22,7.5,27.32,5.54,80.57,1.52,9.71,0.1
2023,3,23,7.47,27.54,7.02,80.73,1.24,9.6,0.68
2023,3,24,7.42,28.07,6.11,79.56,0.96,9.78,5.51
2023,3,25,7.5,27.83,6.17,81.64,1.28,9.75,1.08
2023,3,26,7.41,28.11,5.9,81,1.3,9.67,2.69
2023,3,27,7.34,27.68,5.1,83.49,1.09,9.81,3.14
2023,3,28,7.38,26.78,4.98,88.52,1.23,9.77,3.03
2023,3,29,7.46,27.81,4.87,79.59,1.06,9.78,1.41
2023,3,30,7.36,27.12,5.15,86.26,1.18,9.69,3.83
2023,3,31,7.51,27.76,5.13,81.42,1.35,9.79,1.71
2023,4,1,7.36,26.73,4.98,86.21,1.62,9.84,19.67
2023,4,2,7.43,26.79,5.12,85.49,1.63,9.7,0.81
2023,4,3,7.46,27.98,5.2,79.29,1.03,9.67,0.97
2023,4,4,7.41,27.77,6.24,78.99,1.67,9.69,2.88
2023,4,5,7.26,27.54,4.69,82.57,1.42,9.99,6.32
2023,4,6,7.13,26.85,5.84,79.09,1.6,9.65,11.08
2023,4,7,7.21,27.67,6.11,75.79,1.1,9.73,3.83
2023,4,8,7.4,27.73,5.92,77.91,1.47,9.69,4.85
2023,4,9,7.42,27.15,5.33,81.09,1.68,9.7,4.59
2023,4,10,7.44,27.09,4.55,79.72,1.54,9.52,0.31
2023,4,11,7.19,28.07,5.79,75.89,0.96,9.65,1.14
2023,4,12,7.33,28.65,5.21,78.06,1.13,9.66,10.35
2023,4,13,7.26,28.01,6.28,81.42,1.66,9.71,12.66
2023,4,14,7.24,28.08,5.79,80.57,1.59,9.79,8.88
2023,4,15,7.15,28.46,5.87,79.93,1.47,9.91,20.7
2023,4,16,7.24,28.27,5.81,80.34,1.61,9.82,3.73
2023,4,17,7.26,28.81,5.3,78.06,1.46,9.91,4.19
2023,4,18,7.53,28.87,6.5,74.89,1.17,9.62,1.43
2023,4,19,7.53,29.04,6.85,71.95,1.24,9.58,0.67
2023,4,20,7.28,29.76,5.8,74.7,1.22,9.96,2.07
2023,4,21,7.38,29.08,5.95,76.29,1.52,9.88,12.29
2023,4,22,7.43,28.73,5.85,78.11,1.12,9.84,10.95
2023,4,23,7.33,29.08,5.85,74.79,1.32,9.9,1.05
2023,4,24,7.31,29.02,5.72,78.51,1.17,9.84,1.81
2023,4,25,7.38,28.93,6.45,71.98,1.14,9.68,0.05
2023,4,26,7.42,28.67,6.53,75.41,1.34,9.73,0.05
2023,4,27,7.47,28.67,5.37,76.49,1.37,9.85,0.1
2023,4,28,7.44,28.96,6.02,76.64,1.17,9.79,0.46
2023,4,29,7.25,28.5,5.62,82.33,1.33,9.88,5.66
2023,4,30,7.36,28.99,4.96,76.34,0.94,9.89,1.46
2023,5,1,7.39,28.54,5.43,78.97,1.39,9.76,2.28
2023,5,2,7.25,27.24,4.7,90.63,1.66,9.92,10.67
2023,5,3,7.3,27.67,4.85,86.45,1.91,9.92,16.63
2023,5,4,7.25,28.66,5.87,79.84,1.6,9.9,1.46
2023,5,5,7.02,28.68,5.19,82.27,1.6,9.98,3.97
2023,5,6,7.14,28.38,5.17,82.18,1.11,9.87,39.47
2023,5,7,7.18,28.25,5.65,78.27,0.97,10.01,2.66
2023,5,8,7.3,29.54,6.26,73.49,1.05,9.93,1.26
2023,5,9,7.18,29.44,6.25,73.49,1.04,9.82,0.59
2023,5,10,7.27,29.62,6.31,75.13,1.02,9.84,3.55
2023,5,11,7.2,28.81,6.16,82.19,1.47,9.87,3.38
2023,5,12,7.18,29.48,5.78,76.94,1.35,9.94,0.67
2023,5,13,7.16,29.65,5.93,77.17,1.41,10,1.14
2023,5,14,7.05,28.23,5.79,86.19,1.75,10.17,2.21
2023,5,15,7.05,29.41,5.85,77.77,1.32,10.05,7.03
2023,5,16,7.11,28.93,5.94,77.81,1.81,9.86,2.03
2023,5,17,7.11,29.6,6.08,75.55,1.28,9.83,1.66
2023,5,18,7.07,28.41,5.44,78.79,1.89,9.75,1.92
2023,5,19,6.97,28.38,4.78,75.51,1.37,9.87,3.39
2023,5,20,7.13,28.12,4.86,74.75,1.45,9.83,4.14
2023,5,21,6.99,29.26,5.12,72.34,0.84,9.93,1.47
2023,5,22,7.1,29.03,5.39,77.69,1.19,9.95,4.72
2023,5,23,7.08,28.66,5.43,79.52,1.61,9.92,17.85
2023,5,24,6.93,28.11,4.9,80.43,1.51,9.88,9.44
2023,5,25,6.9,28.87,4.45,77.37,1.51,9.98,1.44
2023,5,26,7,28.26,5.55,80.16,2.05,9.84,11.04
2023,5,27,6.99,27.62,4.97,83.07,2.73,9.77,9.06
2023,5,28,7.06,28.34,4.13,79.71,2.43,9.8,6.22
2023,5,29,7.02,28.41,4.71,82.18,1.96,9.89,4.97
2023,5,30,7.05,28.31,5.9,83.8,2.1,9.73,9.45
2023,5,31,6.95,28.68,5.66,81.93,1.83,9.75,5.89
2023,6,1,7.02,28.85,5.74,78.54,1.41,9.71,2.72
2023,6,2,7.11,29.53,5.31,74.94,0.91,9.8,1.75
2023,6,3,6.94,29.39,5.98,72.31,0.73,9.86,9.69
2023,6,4,6.86,27.98,5.43,80.7,1.05,9.93,22.85
2023,6,5,6.96,28.41,5.79,78.56,1.58,9.82,30.44
2023,6,6,7.06,29.32,5.38,76.51,1.16,9.88,16.64
2023,6,7,7.09,28.89,5.34,78.38,1.47,9.87,14.99
2023,6,8,7.05,29.04,5.9,76.74,1.22,9.72,14.73
2023,6,9,7.08,28.75,6,77.92,1.32,9.79,17.53
2023,6,10,7.13,28.98,6.33,76.91,1.46,9.72,5.47
2023,6,11,7.07,28.49,6.16,77.21,1.6,9.73,0.54
2023,6,12,7.14,28.57,6.59,77.66,1.63,9.82,1.52
2023,6,13,6.95,28.98,6.1,73.18,1.24,9.86,2.85
2023,6,14,7.05,28.36,4.92,74.19,1.12,9.97,7.7
2023,6,15,6.95,27.57,5.37,81.68,1.48,9.84,5.56
2023,6,16,7.02,28.05,4.66,78.82,1.39,9.89,3.48
2023,6,17,7,28.34,5.43,76.02,1.32,9.81,2.92
2023,6,18,6.95,28.41,5.06,69.71,0.8,9.84,1.79
2023,6,19,6.94,28.15,5.02,74.73,1.35,9.92,3.81
2023,6,20,6.97,28.47,5.69,79.41,1.59,9.93,8.95
2023,6,21,7.06,28.16,4.71,80.01,1.7,9.83,25.61
2023,6,22,6.94,28.12,5.02,75.2,1.76,9.74,3.17
2023,6,23,6.88,28.04,5.04,79.05,1.53,9.82,6.1
2023,6,24,7.01,28.03,5.33,83.43,1.41,9.84,14.01
2023,6,25,6.99,27.96,5.17,82.31,1.51,9.73,42.03
2023,6,26,7.03,28.54,5.48,74.91,1.35,9.7,2.98
2023,6,27,7.04,28.94,5.68,77.11,1.53,9.87,12.39
2023,6,28,7.1,28.85,6.04,76.24,1.33,9.88,4.3
2023,6,29,7.02,27.63,5.87,84.31,1.54,9.9,7.87
2023,6,30,7,28.39,6.29,77.87,1.42,9.85,3.31
2023,7,1,6.99,28.68,4.75,78.23,1.56,9.96,1.79
2023,7,2,7.03,28.29,5.2,80.39,1.41,9.86,6.95
2023,7,3,7.15,28.04,3.6,82.22,1.51,9.88,49.47
2023,7,4,7.03,28.07,4.28,79.17,1.58,9.95,13.11
2023,7,5,7.17,28.44,5.43,78.05,1.21,9.77,6.98
2023,7,6,6.92,28.71,4.99,78.49,1.29,9.85,2.41
2023,7,7,7.03,28.98,5.7,75.67,1.34,9.86,1.68
2023,7,8,7,27.9,3.24,80.95,1.39,9.82,3.11
2023,7,9,6.86,28.24,5.07,79.11,1.78,9.89,8.02
2023,7,10,6.99,28.21,5.49,81.82,1.81,9.92,3.74
2023,7,11,6.94,28.12,4.97,86.38,1.85,9.93,4.39
2023,7,12,6.91,27.87,4.72,84.53,1.69,9.74,5.55
2023,7,13,6.95,28.08,4.5,78.96,2.33,9.75,1.37
2023,7,14,6.98,28.34,5.23,79.06,1.92,9.76,1.52
2023,7,15,7,28.2,5.69,79.6,2.01,9.74,2.62
2023,7,16,6.9,28.01,4.4,78.45,1.79,9.89,5.06
2023,7,17,6.93,27.43,4.92,80.73,1.59,9.71,4.18
2023,7,18,7.03,26.09,2.43,85.59,2.68,9.73,7.21
2023,7,19,7.06,27.37,4.31,79.52,1.53,9.75,6.88
2023,7,20,6.98,28.38,5.23,78.26,1.61,9.85,2.08
2023,7,21,6.97,28.6,5.26,78.71,1.68,9.81,5.98
2023,7,22,6.83,27.86,4.34,82.58,2.01,9.8,11.06
2023,7,23,7.11,27.27,4.64,83.28,2.51,9.7,5.77
2023,7,24,7,27.6,4.04,82.9,2.43,9.73,10.9
2023,7,25,7.03,27.8,4.89,79.48,2.49,9.79,2.46
2023,7,26,7.04,28.23,5.44,79.8,2.01,9.77,1.44
2023,7,27,6.99,28.13,4.88,81.73,1.78,9.84,4.46
2023,7,28,7.06,27.43,3.71,83.91,2.08,9.71,5.75
2023,7,29,7.11,27.91,5.44,78.98,1.74,9.66,2.04
2023,7,30,6.95,27.94,5.41,80.58,1.94,9.62,0.76
2023,7,31,7.1,28.47,6.29,78.93,1.74,9.62,0.81
2023,8,1,7.16,28.52,6.08,79.17,1.93,9.59,0.34
2023,8,2,7.19,28.62,6.24,80.56,1.92,9.57,0.26
2023,8,3,7.14,28.57,6.09,80.26,1.8,9.65,0.83
2023,8,4,7.18,28.29,6.33,79.48,1.45,9.76,0.85
2023,8,5,7.23,28.55,6.52,78.67,1.59,9.73,0.62
2023,8,6,7.17,28.33,5.96,80,1.97,9.74,0.6
2023,8,7,7.11,28.37,5.42,75.72,1.54,9.68,0.16
2023,8,8,7.12,28.75,5.6,78.29,1.58,9.8,0.36
2023,8,9,7.09,28.17,5.4,82.18,2.02,9.87,2.95
2023,8,10,7.04,27.97,4.08,81.52,1.74,9.75,8.61
2023,8,11,6.94,28.1,4.77,79.26,1.79,9.9,5.95
2023,8,12,7.09,28.06,4.24,78.44,1.84,9.76,11.56
2023,8,13,7.04,28.14,5.25,76.99,1.58,9.78,28.31
2023,8,14,7.08,28.4,4.28,75.94,1.49,9.8,7.69
2023,8,15,7.09,28.37,3.88,77.88,1.42,9.86,6.97
2023,8,16,7.03,27.7,4.13,81.62,1.77,9.89,12.13
2023,8,17,7.09,27.59,4.2,78.71,1.69,9.66,9.5
2023,8,18,6.99,27.89,4.68,79.52,1.63,9.77,4.61
2023,8,19,7.08,27.8,5.1,78.1,1.57,9.85,3.36
2023,8,20,7.12,27.92,5.41,78.48,1.37,9.75,11.69
2023,8,21,7.18,27.3,3.98,85.35,1.91,9.79,56.13
2023,8,22,7.11,27.13,4.35,82.99,1.83,9.87,21.44
2023,8,23,7.16,27.75,4.84,80.74,1.96,9.89,3.53
2023,8,24,7.3,28.19,5.89,78.31,1.57,9.86,2.76
2023,8,25,7.21,28.7,5.53,77.74,1.56,9.73,3.08
2023,8,26,7.27,28.75,5.31,79.38,1.47,9.82,6.52
2023,8,27,7.22,28.54,5.52,79.44,1.74,9.83,5.99
2023,8,28,7.12,28.21,4.92,81.67,2.37,9.85,5.37
2023,8,29,7.31,28.56,5.71,80.73,1.88,9.7,1.87
2023,8,30,7.26,28.59,6,80.52,1.69,9.75,0.42
2023,8,31,7.29,28.69,6.16,80.95,1.74,9.69,1.56
2023,9,1,7.2,28.67,6.13,81.72,1.7,9.74,0.94
2023,9,2,7.17,28.72,5.27,80.97,1.81,9.81,0.93
2023,9,3,7.27,28.41,5.73,81.04,2.01,9.81,2.36
2023,9,4,7.26,28.17,5.71,81.86,1.98,9.79,0.92
2023,9,5,7.13,27.72,5.78,82.76,1.72,9.81,2.26
2023,9,6,7.27,28.05,4.81,79.01,1.7,10,1.61
2023,9,7,7.27,28.26,5.69,77.03,1.64,9.88,1.64
2023,9,8,7.17,28.49,5.21,75.49,1.49,9.91,5.42
2023,9,9,7,29.06,5.34,75.07,1.19,9.82,18.74
2023,9,10,7.1,28.38,4.29,76.84,1.62,9.82,7.25
2023,9,11,7.14,28.12,6.1,77.17,1.29,9.7,12.11
2023,9,12,7.16,27.91,5.44,79.62,1.55,9.77,16.34
2023,9,13,7.19,27.9,5.22,79.37,1.89,9.86,19.67
2023,9,14,7.25,27.76,5.02,82.06,1.83,9.81,6
2023,9,15,7.17,27.56,4.55,79.85,1.77,9.75,2.35
2023,9,16,7.1,28.34,4.85,74.14,1.18,9.89,12.41
2023,9,17,7.16,28.11,4.55,78.63,1.31,9.98,9.47
2023,9,18,7.22,28.4,5.09,74.46,1.32,9.91,18.61
2023,9,19,7.13,28.3,4.54,76.3,1.47,9.98,4.39
2023,9,20,7.1,27.85,4.61,79.56,1.52,9.97,12.94
2023,9,21,7.04,28.31,4.78,77.98,1.66,9.83,11.34
2023,9,22,7.1,28.09,5.13,79.75,1.81,9.77,15.19
2023,9,23,7.12,28.71,5.65,75.07,1.39,9.76,0.92
2023,9,24,6.92,28.36,5.66,77.87,1.49,9.78,2.33
2023,9,25,6.98,28.68,5.17,78.59,1.51,9.87,4.6
2023,9,26,6.83,28.22,3.92,81.89,2.02,9.83,14.55
2023,9,27,6.98,28.28,4.54,80.49,2.17,9.97,5.06
2023,9,28,6.82,28.57,5.17,79.01,1.48,9.89,5.5
2023,9,29,7.01,28.5,5,79.26,1.45,9.83,4.46
2023,9,30,6.98,28.08,5.15,82.32,1.72,9.88,2.42
2023,10,1,6.88,28.53,4.71,80.28,1.78,9.88,1.58
2023,10,2,7.05,28.97,5.84,76.94,1.21,9.71,3.22
2023,10,3,6.94,28.95,6.09,74.82,1.14,9.79,1.56
2023,10,4,6.78,28.88,5.94,75.8,1.06,9.74,3.75
2023,10,5,6.87,28.81,6.36,77.81,1.2,9.75,2.25
2023,10,6,6.66,28.76,5.44,81.07,1.25,9.83,3.19
2023,10,7,6.68,28.28,4.47,78.85,1.21,9.95,3.43
2023,10,8,6.9,28.33,5.72,79.56,1.12,9.95,4.64
2023,10,9,6.91,29.06,5.26,77.24,0.98,9.91,4.41
2023,10,10,6.88,28.8,4.42,78.65,1.46,9.92,9.83
2023,10,11,6.8,28.38,4.61,81.18,1.78,9.8,3.17
2023,10,12,6.8,28.38,5.68,79,1.68,9.89,2.38
2023,10,13,6.9,28.21,4.15,78.88,1.36,9.8,8.45
2023,10,14,6.86,28.75,5.35,75.52,1.45,9.74,5.57
2023,10,15,6.94,29.07,6.01,71.3,1.44,9.84,4.37
2023,10,16,6.72,29.22,4.56,74.72,0.92,9.89,7.86
2023,10,17,6.82,28.56,5.54,76.45,1.11,9.78,12.22
2023,10,18,6.98,28.89,6.17,76.89,1.3,9.77,1.66
2023,10,19,6.82,28.34,5.33,79.43,1.75,9.85,2.4
2023,10,20,6.95,28.62,6.31,76.77,1.42,9.71,1.89
2023,10,21,6.91,29.21,6.12,76.54,1,9.81,11.9
2023,10,22,6.9,28.99,5.83,76.96,0.98,9.76,4.23
2023,10,23,6.92,28.87,6.36,77.12,1.32,9.81,9.49
2023,10,24,6.93,29.24,6.32,76.95,1.27,9.76,8.91
2023,10,25,6.87,29.29,5.69,76.7,1.25,9.93,18.64
2023,10,26,6.74,27.44,3.02,79.17,1.7,9.96,107.38
2023,10,27,6.77,28.88,5.62,72.17,1.07,9.89,6.1
2023,10,28,6.77,28.83,5.95,76.05,1.32,9.84,4.01
2023,10,29,6.85,28.47,5.13,77.02,1.05,9.83,0.23
2023,10,30,6.87,28.78,5.16,73.85,0.86,9.92,0.3
2023,10,31,6.67,28.71,5.76,77.52,1.57,9.84,0.54
2023,11,1,6.69,28.55,5.87,77.26,1.65,9.75,0.57
2023,11,2,6.68,28.74,5.73,75.83,1.54,9.84,1.82
2023,11,3,6.65,28.96,4.38,75.27,1.05,9.9,2.7
2023,11,4,6.74,28.48,4.17,78.94,1.15,9.8,2.81
2023,11,5,6.77,28.4,5.73,78.21,1.02,9.79,0.48
2023,11,6,6.83,29.16,6.12,75.92,1,9.83,0.34
2023,11,7,6.64,28.55,5.13,81.92,1.48,9.84,2.88
2023,11,8,6.62,28.71,4.29,78.85,0.95,9.78,10.03
2023,11,9,6.69,28.85,5.34,77.95,1.41,9.74,0.91
2023,11,10,6.7,28.16,5.97,82.93,1.28,9.7,0.78
2023,11,11,6.76,28.2,5.89,78.49,1.32,9.59,0.17
2023,11,12,6.75,28.67,6.14,75.29,1.37,9.58,0.06
2023,11,13,6.62,28.32,5.99,80.18,1.76,9.65,0.15
2023,11,14,6.67,28.38,6.38,75.59,1.39,9.46,0.1
2023,11,15,6.61,27.96,4.87,82.72,1.56,9.78,1.24
2023,11,16,6.53,27.31,2.3,83.06,1.37,9.79,8.5
2023,11,17,6.55,27.66,3.44,81.22,1.42,9.77,6.12
2023,11,18,6.43,27.74,4.49,84.45,1.81,9.77,4.21
2023,11,19,6.44,28.06,3.86,80.27,1.17,9.95,6.43
2023,11,20,6.32,29.05,4.91,77.66,1.46,9.97,3.01
2023,11,21,6.39,28.07,4.24,84.78,1.87,9.87,6.16
2023,11,22,6.38,27.93,4.98,82.66,1.33,9.78,1.97
2023,11,23,6.27,28.54,4.66,79.36,1.09,9.82,2.76
2023,11,24,6.46,27.73,4.1,85.7,1.35,9.75,5.81
2023,11,25,6.5,28.36,5.17,80,1.5,9.48,2.05
2023,11,26,6.55,28.15,4.79,81.09,1.45,9.77,0.64
2023,11,27,6.46,27.98,5.09,83.07,1.6,9.82,1
2023,11,28,6.33,28.13,4.57,81.59,1.43,9.87,2
2023,11,29,6.35,28.37,3.29,81.38,0.91,9.93,6.42
2023,11,30,6.4,28.54,4.34,80.29,1.25,9.64,6.02
2023,12,1,6.39,27.66,4.8,83.86,1.56,9.68,12.03
2023,12,2,6.39,28.17,5.18,82.69,1.04,9.75,1.35
2023,12,3,6.39,28.43,3.62,81.24,1.22,9.82,7.82
2023,12,4,6.37,28.22,5.44,77.03,1.23,9.74,0.42
2023,12,5,6.31,28.41,5.3,76.96,0.92,9.75,2.3
2023,12,6,6.35,27.25,3.63,82.31,1.79,9.82,3.62
2023,12,7,6.38,27.59,3.96,88.02,1.59,9.82,0.59
2023,12,8,6.43,28.15,5.16,82.13,1.34,9.79,0.76
2023,12,9,6.46,28.65,5.82,77.64,0.89,9.63,0.29
2023,12,10,6.39,28.22,5.28,77.69,1.15,9.58,0.08
2023,12,11,6.43,27.87,5.77,80.92,1.47,9.44,0.1
2023,12,12,6.41,27.61,5.27,81.78,1.53,9.41,0.2
2023,12,13,6.36,27.8,3.6,82.21,1.52,9.75,0.8
2023,12,14,6.44,28,5.35,80.37,1.59,9.53,0.18
2023,12,15,6.37,27.57,4.72,82.65,1.5,9.58,0.21
2023,12,16,6.41,27.48,6.03,83.36,1.79,9.44,0.03
2023,12,17,6.33,27.09,3.04,87.48,2.69,9.7,0.56
2023,12,18,6.25,27.47,0.46,91.56,3.4,9.83,25.2
2023,12,19,6.19,27.58,3.86,83.13,1.84,9.91,4.11
2023,12,20,6.37,28.04,5.99,77.49,1.13,9.7,2.09
2023,12,21,6.45,27.83,5.39,82.2,1.38,9.62,3.37
2023,12,22,6.32,27.75,4.5,82.4,1.43,9.86,1.7
2023,12,23,6.43,27.52,5.36,79.2,1.54,9.53,0.7
2023,12,24,6.33,27.67,4.65,83.08,1.28,9.72,1.68
2023,12,25,6.27,27.79,1.81,84.52,0.89,9.84,5.73
2023,12,26,6.34,28.1,4.85,83.04,1.24,9.71,1.19
2023,12,27,6.36,27.81,4.61,82.6,1.24,9.82,1.82
2023,12,28,6.34,27.23,5.05,84.41,1.56,9.77,2.31
2023,12,29,6.3,27.95,4.79,82.56,1.41,9.85,0.97
2023,12,30,6.38,28.12,5.09,82.72,1.36,9.85,0.43
2023,12,31,6.4,28.66,5.9,76.55,0.94,9.56,0.27
2024,1,1,6.35,27.45,4.14,87.71,1.57,9.82,7.36
2024,1,2,6.35,27.3,3.01,89.57,1.3,9.94,6.12
2024,1,3,6.41,28.35,4.41,80.28,1.14,9.94,0.25
2024,1,4,6.44,28.02,5.8,82.15,1.27,9.63,1.79
2024,1,5,6.44,27.66,6.32,79.63,1.47,9.24,0.38
2024,1,6,6.21,27.49,3.45,84.18,1.17,9.81,1.62
2024,1,7,6.31,27.91,5.29,83.84,1.22,9.6,0.47
2024,1,8,6.39,27.92,3.85,84.28,1.01,9.92,3.72
2024,1,9,6.36,28.29,3.49,83.43,1.06,9.83,8.93
2024,1,10,6.41,28.39,5.29,79.71,1.19,9.74,28.79
2024,1,11,6.4,27.94,5.57,80.31,1.53,9.67,0.39
2024,1,12,6.38,27.79,3.46,82.95,1.55,9.86,1.78
2024,1,13,6.52,27.38,4.68,81.37,1.85,9.6,3.55
2024,1,14,6.47,26.91,4.03,82.17,1.87,9.67,1.52
2024,1,15,6.4,27.24,3.45,84.99,1.9,9.92,11.9
2024,1,16,9.14,26.94,3.64,87.31,1.64,10.01,110.16
2024,1,17,6.43,27.5,3.75,84.33,1.83,9.82,25.03
2024,1,18,6.5,27.18,0.58,87.89,1.33,9.77,25.9
2024,1,19,6.37,27.5,3.84,83.48,1.33,9.83,4.41
2024,1,20,6.38,26.74,3.85,86.4,1.32,9.68,1.04
2024,1,21,6.37,26.95,5.54,84.15,1.49,9.55,0.67
2024,1,22,6.44,27.15,4.98,84.08,1.29,9.61,0.29
2024,1,23,6.51,26.66,4.55,84.52,1.48,9.59,0.1
2024,1,24,6.64,26.76,5.74,82.3,1.71,9.39,1.19
2024,1,25,6.8,26.47,5.16,80.1,1.91,9.31,0.16
2024,1,26,6.72,26.3,3.62,83.89,2.14,9.52,2.6
2024,1,27,6.79,25.32,5.39,82.68,2.57,9.15,0.57
2024,1,28,6.68,25.64,3.88,86.03,1.86,9.65,1.12
2024,1,29,6.67,26,0.97,90.48,1.96,9.73,4.57
2024,1,30,6.74,26.76,1.32,87.86,1.61,9.71,15.49
2024,1,31,6.73,26.99,0.53,88.5,1.18,9.78,52.02
2024,2,1,6.67,26.8,3.98,88.55,1.43,9.92,24.9
2024,2,2,6.75,27.31,4.05,86.23,1.13,9.86,11.28
2024,2,3,6.86,27.31,5.81,81.48,1.28,9.59,5.24
2024,2,4,6.81,27.23,4.15,84.02,1.13,9.83,7.36
2024,2,5,6.87,26.82,5.37,81.62,1.42,9.49,1.18
2024,2,6,6.76,25.94,4.1,85.8,1.43,9.61,4.16
2024,2,7,6.76,26.61,4.19,85.57,1.16,9.69,5.76
2024,2,8,6.72,27.17,4.63,85.4,1.27,9.91,2.66
2024,2,9,6.83,27.03,4.41,82.47,1.58,9.8,1.02
2024,2,10,6.93,26.59,5.69,82.12,1.71,9.6,0.54
2024,2,11,6.8,26.67,4.59,83.97,2.35,9.79,7.17
2024,2,12,7.09,25.96,5.22,80,2.3,9.44,0
2024,2,13,7.07,26.26,5.19,83.32,1.84,9.63,0.38
2024,2,14,7.12,26.62,5.78,80.88,1.78,9.39,0.46
2024,2,15,7.28,26.5,6.7,74.8,1.44,9.19,0.03
2024,2,16,7.15,26.45,4.43,76.43,1.37,9.56,0.38
2024,2,17,7.2,27.08,5.74,79.94,1.12,9.46,0.98
2024,2,18,7.09,26.93,4.73,83.6,1.51,9.7,2.17
2024,2,19,7.23,26.3,5.11,81.09,1.65,9.46,0.31
2024,2,20,7.33,27.12,6.93,76.85,1.23,8.98,0.35
2024,2,21,7.22,27.23,4.94,82.89,1.12,9.6,14.83
2024,2,22,7.11,26.69,4.1,87.86,1.69,10.08,10.44
2024,2,23,7.1,27.86,3.88,83,1.31,10.02,7.7
2024,2,24,7.16,27.29,5.66,81.4,1.47,9.66,1.91
2024,2,25,7.3,26.86,5.94,81.06,1.53,9.43,0.18
2024,2,26,7.32,26.72,5.81,81.76,1.82,9.54,1.71
2024,2,27,7.14,26.46,4.22,81.99,2.19,9.94,0.43
2024,2,28,7.16,25.97,3.22,85.19,2.2,9.91,5.22
2024,2,29,7.18,27.4,3.87,83,1.71,10,2.93
2024,3,1,7.21,27.57,4.24,83.06,1.3,10.04,1.6
2024,3,2,7.25,27.03,5.43,80.19,1.69,9.75,0.04
2024,3,3,7.42,26.45,6.56,78.75,1.8,9.34,0
2024,3,4,7.18,26.78,5.73,81.34,1.31,9.61,0.04
2024,3,5,7.13,27.74,5.78,80.92,0.94,9.83,0.02
2024,3,6,7.34,27.85,5.6,79.99,1.22,9.83,0.01
2024,3,7,7.54,27.08,7.16,78.85,1.56,9.33,0
2024,3,8,7.54,26.62,5.26,78.25,1.59,9.46,0.12
2024,3,9,7.58,26.26,6.04,76.75,1.94,9.43,0.03
2024,3,10,7.69,26.37,5.83,79.9,1.69,9.44,0
2024,3,11,7.7,27.14,6.98,75.71,1.25,9.1,0
2024,3,12,7.41,27.44,4.46,83.78,1.19,9.93,1.49
2024,3,13,7.34,26.92,5.28,80.62,1.79,9.76,0.54
2024,3,14,7.37,26.73,5.16,82.3,1.54,9.61,0.21
2024,3,15,7.56,27.03,6.31,79.06,1.48,9.39,0.13
2024,3,16,7.57,27.35,6.7,79.8,1.68,9.2,0.06
2024,3,17,7.54,27.17,6.94,79.8,1.58,9.2,0.36
2024,3,18,7.58,26.6,7.08,79.42,1.5,9.16,0
2024,3,19,7.52,27.3,6.63,76.82,1.19,9.56,0
2024,3,20,7.44,27.43,6.37,79.22,1.57,9.77,0
2024,3,21,7.42,27.33,5.48,79.71,1.55,9.82,0.09
2024,3,22,7.56,27.4,6.54,79.61,1.62,9.73,0.04
2024,3,23,7.64,27.29,7.09,78.77,1.6,9.45,0.02
2024,3,24,7.6,27.35,5.43,78.28,1.51,9.77,0.03
2024,3,25,7.49,28.25,6.22,80.66,0.93,9.94,0.28
2024,3,26,7.52,28.28,5.5,80.51,0.96,9.95,0.05
2024,3,27,7.44,28.68,5.6,76.8,0.77,9.96,0.16
2024,3,28,7.54,28.27,5.03,80.11,1.01,9.87,1.42
2024,3,29,7.52,28.27,4.51,80.62,1.12,10.04,5.16
2024,3,30,7.62,27.96,7.04,79.21,1.22,9.7,0.7
2024,3,31,7.58,28.03,5.5,79.4,1.5,9.9,0.74
2024,4,1,7.77,27.67,6.88,77.42,1.51,9.42,0.04
2024,4,2,7.6,27.97,6.56,75.05,1.49,9.64,0.01
2024,4,3,7.69,27.92,6.96,76.46,1.37,9.55,0.01
2024,4,4,7.4,27.74,4.77,81.45,0.96,9.99,0.22
2024,4,5,7.52,28.03,4.96,79.56,1.27,9.99,0.06
2024,4,6,7.38,27.92,3.79,79.2,1.36,10.06,1.61
2024,4,7,7.66,27.65,6.23,77.28,1.52,9.51,0.14
2024,4,8,7.77,27.32,6.23,74.47,1.32,9.39,0.86
2024,4,9,7.73,28.06,6.54,77.43,0.96,9.6,0.39
2024,4,10,7.62,28.11,5.03,77.9,1.37,10.16,0.38
2024,4,11,7.74,27.93,7.36,74.06,1.34,9.38,0.15
2024,4,12,7.74,28.06,6.93,76.41,1.28,9.56,0.04
2024,4,13,7.63,28.08,6.53,76.86,1.45,9.68,0.02
2024,4,14,7.54,28.58,6.73,75.57,1.23,9.62,0.08
2024,4,15,7.48,28.49,5.65,78.5,1.39,9.9,0.35
2024,4,16,7.47,28.06,4.75,81.77,1.29,9.87,0.25
2024,4,17,7.32,28.34,6.01,80.11,1.27,9.9,0.11
2024,4,18,7.52,29.11,7.18,76.11,1.16,9.77,0.33
2024,4,19,7.6,28.65,6.56,74.51,1.43,9.78,0.03
2024,4,20,7.58,27.81,6.39,77.81,1.88,9.72,0.14
2024,4,21,7.25,27.7,2.27,83.34,1.55,10.06,2.29
2024,4,22,7.45,29.23,6.7,76.81,1.02,9.99,0.55
2024,4,23,7.31,28.98,5.6,80.03,1.21,9.99,0.54
2024,4,24,7.39,28.88,5.9,77.9,1.31,10.11,0.15
2024,4,25,7.49,29.17,7.28,73.94,1.31,9.82,0.17
2024,4,26,7.39,28.71,5.73,79.35,1.73,10.15,1.6
2024,4,27,7.34,28.93,5.47,77.58,1.17,10.02,3.31
2024,4,28,7.31,29.09,5.92,76.93,1.42,9.87,0.5
2024,4,29,7.31,27.64,4.1,88.27,1.73,10.05,17.47
2024,4,30,7.29,27.85,2.99,86.2,1.88,9.98,14.07
2024,5,1,7.35,28.82,6.29,78.47,1.73,9.93,2.16
2024,5,2,7.5,29.06,6.43,77.72,1.47,9.86,0.33
2024,5,3,7.6,28.25,7.24,76.72,1.45,9.49,0.04
2024,5,4,7.25,28.05,5.4,82.02,1.17,10.02,4.96
2024,5,5,7.36,29.21,6.67,73.8,1.02,9.96,0.18
2024,5,6,7.38,28.99,6.34,78.36,1.14,9.97,2.78
2024,5,7,7.48,28.45,6.3,73.33,1.22,9.74,0.25
2024,5,8,7.46,28.8,6.68,74.91,1.26,9.88,0.69
2024,5,9,7.4,29.15,6.12,75.7,1.62,9.95,1
2024,5,10,7.32,29.18,6.33,76.34,1.53,9.99,2.09
2024,5,11,7.34,29.25,5.97,76.19,1.18,9.98,0.79
2024,5,12,7.28,28.82,4.67,78.71,1.14,9.97,8.42
2024,5,13,7.27,28.98,6.18,78.58,1.33,10.04,5.1
2024,5,14,7.38,29.64,6.78,74.38,1.19,9.88,0.79
2024,5,15,7.31,29.31,5.91,75.71,1.51,10.13,0.1
2024,5,16,7.37,29.33,6.4,73.72,1.39,10.04,0
2024,5,17,7.42,29.73,7.01,73.11,1.29,9.78,0.04
2024,5,18,7.36,29.93,6.51,73.83,1.36,10.11,0.24
2024,5,19,7.24,30.14,6.3,71.66,1.17,10.14,1.06
2024,5,20,7.13,29.93,6,74.41,1.23,10.18,2.03
2024,5,21,7.26,29.8,5.72,76.52,1.53,10.31,4.22
2024,5,22,7.14,29.91,6.63,74.41,1.27,10.15,2.91
2024,5,23,7.32,29.65,6.54,76,1.18,9.87,1.8
2024,5,24,7.07,29.42,4.1,78.88,1.27,10.09,3.25
2024,5,25,6.99,29.19,5.98,78.61,1.85,9.93,3.77
2024,5,26,7.04,28.79,5.32,81.33,1.97,9.96,14.35
2024,5,27,7.05,28.9,5.57,77.82,1.49,9.97,2.76
2024,5,28,7.24,29.21,6.51,76.92,1.78,9.89,1.03
2024,5,29,7.19,29.64,6.34,73.83,1.61,9.99,0.51
2024,5,30,7.21,29.25,6.18,76.88,1.73,9.91,3.49
2024,5,31,7.14,29.51,5.97,77.6,1.29,9.94,2.14
2024,6,1,7.12,29.42,5.32,78.37,1.25,10.09,1.95
2024,6,2,7.2,29.06,6.31,79.63,1.48,9.96,58.83
2024,6,3,7.02,29.57,6.22,78.82,1.09,9.97,3.12
2024,6,4,6.94,29.7,5.74,76.29,1.28,9.9,6.07
2024,6,5,6.83,29.3,5.31,78.24,1.63,9.85,4.4
2024,6,6,6.9,29.22,5.68,78.18,1.56,9.86,7.41
2024,6,7,7.03,29.01,6.11,72.53,1.54,9.89,5.25
2024,6,8,7.07,28.66,5.83,78.35,1.69,9.88,4.02
2024,6,9,7.13,29.08,6.21,78.82,1.5,9.85,28.24
2024,6,10,6.99,28.69,4.19,79.9,1.29,9.94,10.04
2024,6,11,7.03,28.65,5.92,80.2,1.29,9.92,9.01
2024,6,12,7.01,28.54,4.89,78.32,1.25,9.88,1.79
2024,6,13,6.94,28.22,3.35,79.53,1.75,9.87,15.41
2024,6,14,7.05,28.98,5.98,75.89,1.52,9.76,1.49
2024,6,15,6.84,28.14,5.39,79.81,1.73,9.78,17.08
2024,6,16,7.06,28.9,5.33,74.74,1.32,9.96,11.69
2024,6,17,6.98,28.49,4.79,78.97,1.2,9.96,3.3
2024,6,18,6.79,28.17,5.39,81.27,1.57,9.83,11.97
2024,6,19,6.92,28.73,3.99,75.19,1.47,9.75,14.85
2024,6,20,6.98,27.76,3.13,80.95,1.85,9.83,10.48
2024,6,21,7.07,28.31,5.94,77.8,1.82,9.71,2.48
2024,6,22,7.03,28.14,4.24,80.02,1.53,9.81,5.13
2024,6,23,6.94,29.11,6.1,74.03,1.21,9.88,1.63
2024,6,24,6.99,28.5,4.44,79.42,1.15,10.01,5.74
2024,6,25,7,28.73,6.27,79.76,1.3,9.91,1.23
2024,6,26,7.01,27.26,2.6,83.93,1.65,9.78,15.73
2024,6,27,7.09,28.27,6.32,76.8,1.67,9.72,2.02
2024,6,28,7.06,28.69,5.57,78.29,1.05,9.86,0.44
2024,6,29,7.06,28.71,5.55,75.51,0.91,9.84,2.88
2024,6,30,6.87,28.51,4.07,75.11,1.23,9.9,7.64
2024,7,1,6.91,28.57,4.77,73.38,1.52,9.82,4.27
2024,7,2,6.93,28.33,5.32,77.89,1.69,9.88,4.93
2024,7,3,7.06,28.8,5.59,75.81,1.5,9.86,6.22
2024,7,4,6.89,29.09,4.7,76.38,1.25,9.87,6.76
2024,7,5,6.8,28.02,5.22,80.71,1.71,9.74,6.99
2024,7,6,7.04,28.54,5.3,77.05,1.7,9.95,5.18
2024,7,7,7.02,29.1,5.55,75.25,1.35,9.99,3.37
2024,7,8,6.97,28.52,1.57,80.91,1.17,9.91,7.62
2024,7,9,6.95,27.26,5.19,84.18,1.65,9.74,1.74
2024,7,10,6.98,28.77,5.38,77.97,1.49,9.78,13.68
2024,7,11,6.88,28.82,5.15,77.53,1.27,9.85,7.31
2024,7,12,6.93,27.87,4.19,84.89,1.67,9.84,7.91
2024,7,13,7.16,27.87,4.4,81.87,1.9,9.78,28.87
2024,7,14,6.97,27.69,4.27,79.6,1.64,9.77,5.17
2024,7,15,6.9,27.27,3.98,82.55,1.46,9.89,103.2
2024,7,16,6.84,27.37,3.57,83.33,2.14,9.83,105.11
2024,7,17,6.95,28.12,4.02,83.08,1.81,9.83,15.96
2024,7,18,6.91,27.71,3.82,83.31,1.95,9.77,13.74
2024,7,19,7.01,27.63,4.5,82.01,1.81,9.82,8.76
2024,7,20,7.06,27.94,5.28,81.79,1.73,9.73,5.3
2024,7,21,7.01,28.31,5.56,82.45,1.94,9.81,6.47
2024,7,22,6.99,28.2,5.58,83.47,1.83,9.81,7.53
2024,7,23,7.04,28.11,5.29,81.33,1.69,9.75,4.93
2024,7,24,6.92,27.88,6.04,81.18,1.84,9.74,10.7
2024,7,25,6.99,27.7,5.36,80.28,1.79,9.86,3.85
2024,7,26,6.8,28.05,5.08,82.47,1.4,9.87,8.69
2024,7,27,6.99,28.62,3.86,74.89,1.14,9.87,20.03
2024,7,28,6.92,27.86,5.1,80.75,1.58,9.92,13.27
2024,7,29,6.95,28.24,5.02,79.83,1.51,9.94,4.77
2024,7,30,6.98,28.01,5.68,79.89,1.45,9.94,1.58
2024,7,31,-999,28.55,5.84,78.51,1.57,10.23,4.99
2024,8,1,-999,28.41,5.05,78.56,1.75,10.3,2.33
2024,8,2,-999,28.28,5.75,78.02,1.53,10.17,1.98
2024,8,3,-999,28.76,6.22,74.62,1.45,10.07,3.69
2024,8,4,-999,28.43,5.81,79.36,1.78,10.13,3.27
2024,8,5,-999,28.13,4.36,80.65,1.73,10.27,2.6
2024,8,6,-999,28.21,5.77,79.41,1.7,10.31,0.64
2024,8,7,-999,27.7,6.18,81.54,1.69,10.19,1.4
2024,8,8,-999,27.7,5.44,82.41,1.74,10.17,2.51
2024,8,9,-999,28.1,3.72,78.81,1.54,10.35,6.07
2024,8,10,-999,28.4,6.63,77.23,1.5,10.2,4.1
2024,8,11,-999,28.58,5.7,78.92,1.78,10.42,6.13
2024,8,12,-999,28.55,5.27,80.09,1.8,10.24,3.42
2024,8,13,-999,28.31,4.57,78.64,1.66,10.31,2.65
2024,8,14,-999,28.46,6.34,78.06,1.7,10.11,0.99
2024,8,15,-999,28.47,6,78.4,1.54,10.12,0.72
2024,8,16,-999,28.65,5.77,77,1.54,10.21,1.11
2024,8,17,-999,29.26,6.08,75.16,1,10.31,2.69
2024,8,18,-999,28.93,6.55,76.03,1.43,10.12,0.66
2024,8,19,-999,28.25,5.71,79.82,1.53,10.12,1.26
2024,8,20,-999,28.23,6.08,80.75,1.68,10.21,3.67
2024,8,21,-999,28.82,5.79,76.8,1.4,10.27,3.79
2024,8,22,-999,28.56,5,75.49,1.56,10.36,4.02
2024,8,23,-999,28.83,6.35,75.89,1.43,10.31,3.88
2024,8,24,-999,28.9,4.46,77.91,1.37,10.43,2.03
2024,8,25,-999,28.38,5.3,78.5,1.64,10.38,2.83
2024,8,26,-999,29.13,5.95,74.32,1.37,10.53,1.43
2024,8,27,-999,29.12,5.22,74.83,1.33,10.44,2.47
2024,8,28,-999,29.03,6.51,77.67,1.4,10.27,5.22
2024,8,29,-999,27.98,3.32,78.07,1.15,10.49,9.57
2024,8,30,-999,27.71,4.29,80,1.92,10.41,1.79
2024,8,31,-999,27.28,4.61,82.02,1.75,10.49,2.39
2024,9,1,-999,28.01,4.12,81.14,1.97,10.33,1.75
2024,9,2,-999,28.06,6.18,80,2.15,10.31,1.16
2024,9,3,-999,28.35,5.02,80.82,1.97,10.38,3.34
2024,9,4,-999,29.04,5.75,77.61,1.39,10.22,1.97
2024,9,5,-999,28.41,6.24,77.79,1.53,10.17,1.88
2024,9,6,-999,28.45,4.18,80.07,1.67,10.32,2.8
2024,9,7,-999,28.81,6.35,77.76,1.58,10.3,0.66
2024,9,8,-999,29.49,5.86,74.62,1.21,10.2,1.12
2024,9,9,-999,28.86,5.38,80.79,1.47,10.42,9.69
2024,9,10,-999,27.78,3.8,79.62,1.79,10.58,5.41
2024,9,11,-999,28,4.45,82.32,2.18,10.39,10.29
2024,9,12,-999,26.9,2.68,84.4,3.25,10.56,12.86
2024,9,13,-999,28.2,2.99,80.43,2.7,10.45,9.26
2024,9,14,-999,28.47,2.96,81.53,2.83,10.38,3.11
2024,9,15,-999,28.16,3.53,81.24,2.41,10.45,5.14
2024,9,16,-999,27.96,4.49,82.49,2.13,10.44,3.9
2024,9,17,-999,27.79,3.8,83.09,2.3,10.36,5.95
2024,9,18,-999,27.71,5.34,80.29,2.18,10.4,4.66
2024,9,19,-999,27.44,1.98,85.3,2.2,10.41,10.26
2024,9,20,-999,27.33,5.79,84.2,2.02,10.22,3.72
2024,9,21,-999,28.12,5.6,80.31,1.85,10.19,1.59
2024,9,22,-999,28.44,4.52,78.71,1.79,10.17,1.84
2024,9,23,-999,28.14,5.98,77.45,1.35,10.09,2.92
2024,9,24,-999,28.72,4.11,74.56,1.21,10.45,1.93
2024,9,25,-999,28.52,4.35,79.12,1.59,10.3,4.5
2024,9,26,-999,28.87,5.53,77.28,1.34,10.3,2.62
2024,9,27,-999,28.49,5.63,78.75,1.5,10.22,4.97
2024,9,28,-999,28.39,5.89,82.15,1.82,10.17,4.88
2024,9,29,-999,28.69,6.13,80.01,1.75,10.23,3.73
2024,9,30,-999,28.28,4.11,81.11,1.33,10.25,7.43
2024,10,1,-999,28.32,4.88,81.11,1.48,10.17,6.95
2024,10,2,-999,28.79,6.44,77.74,1.15,10.07,6.28
2024,10,3,-999,28.7,3.07,78.77,1.17,10.23,7.62
2024,10,4,-999,28.91,6.45,76.07,1.34,10.28,8.33
2024,10,5,-999,28.9,5.74,77.82,1.15,10.33,18.45
2024,10,6,-999,28.91,6.31,76.74,1.25,10.18,11.73
2024,10,7,-999,28.91,6.03,77.33,1.54,10.24,9.25
2024,10,8,-999,28.54,5.77,79.47,1.59,10.15,3.64
2024,10,9,-999,29.48,6.05,72.06,1.21,10.3,0.93
2024,10,10,-999,29,5.9,76.02,1.49,10.28,4.78
2024,10,11,-999,28.98,5.86,75.75,1.54,10.34,1.15
2024,10,12,-999,29.05,4.37,75.59,1.6,10.39,3.02
2024,10,13,-999,29.19,6.1,75.21,1.35,10.17,1.57
2024,10,14,-999,28.86,6.01,78.68,1.73,10.32,3.6
2024,10,15,-999,29.14,4.99,75.51,1.61,10.35,5.53
2024,10,16,-999,28.78,5.8,77.99,1.16,10.27,2.5
2024,10,17,-999,28.5,4.83,79.08,1.86,10.3,6.92
2024,10,18,-999,29.52,5.85,72.61,1.37,10.4,1.55
2024,10,19,-999,29.15,5.94,78.01,1.73,10.29,1.68
2024,10,20,-999,28.92,5.22,82.9,2.14,10.35,13.21
2024,10,21,-999,28.07,3.18,82.82,2.79,10.88,12.77
2024,10,22,-999,28.36,2.88,79.95,3.73,10.37,1.9
2024,10,23,-999,28.7,3.93,79.33,3.18,10.24,1.28
2024,10,24,-999,28.43,4.84,82.56,2.27,10.16,2.52
2024,10,25,6.69,28.37,3.76,79.9,1.92,10.37,5.22
2024,10,26,-999,28.46,3.95,77.36,1.72,10.26,2.7
2024,10,27,-999,27.92,4.4,80.11,2.83,10.06,0.74
2024,10,28,-999,28.39,5.19,79.31,2.39,10.1,0.81
2024,10,29,-999,28.44,4.58,78.6,1.65,9.96,1
2024,10,30,6.61,29,6.02,76.95,1.13,10.02,7.81
2024,10,31,-999,28.68,4.83,78.63,1.32,10.12,7.91
2024,11,1,-999,28.68,6.09,75.51,0.85,9.95,5.13
2024,11,2,-999,28.95,4.51,76.45,0.76,10.16,3.44
2024,11,3,-999,28.63,6,77.45,0.88,10.07,3.41
2024,11,4,-999,28.56,5.49,79.46,1.15,10.27,2.05
2024,11,5,-999,28.05,3.24,79.62,1.47,10.31,5.35
2024,11,6,-999,28.52,5.3,78.35,1.47,10.22,1.12
2024,11,7,-999,28.56,4.68,79.01,1.32,10.27,1.31
2024,11,8,-999,29.07,6,75.64,1.32,9.96,0.12
2024,11,9,-999,29.2,6.13,74.57,0.99,9.98,2.08
2024,11,10,-999,28.99,4.68,78.33,1.37,10.07,0.62
2024,11,11,-999,28.8,5.59,79.54,1.68,10.06,1.13
2024,11,12,-999,28.98,5.62,76.11,1.57,10.16,1.81
2024,11,13,-999,29.13,5.94,74.69,1.54,9.93,1.07
2024,11,14,-999,29.33,5.72,76.07,1.4,10.08,0.25
2024,11,15,-999,28.94,5.18,78.03,1.38,10.05,0.8
2024,11,16,-999,28.79,4.13,79.19,1.75,10.19,4.32
2024,11,17,-999,28.41,5.46,81.15,1.92,10.07,1.48
2024,11,18,-999,28.1,2.73,83.44,1.35,10.27,4.46
2024,11,19,-999,28.38,2.7,82.06,1.32,10.15,3.56
2024,11,20,-999,28.49,5.33,80.72,1.39,9.89,1.11
2024,11,21,-999,28.52,5.89,79.21,1.44,9.81,0.48
2024,11,22,-999,28.7,5.17,77.77,1.39,10.24,4.02
2024,11,23,-999,28.53,3.15,78.08,1.3,10.43,4.65
2024,11,24,-999,28.8,3.91,81.1,1.27,10.38,5.27
2024,11,25,-999,28.11,3.2,85.9,1.37,10.37,7.83
2024,11,26,-999,28.26,5.36,80.58,1.31,10.08,2.34
2024,11,27,-999,28.19,3.49,82.1,0.98,10.43,10.81
2024,11,28,-999,28.43,2.84,82.61,0.78,10.52,6.79
2024,11,29,-999,27.72,3.85,83.72,1.49,10.58,2.89
2024,11,30,-999,27.55,4.77,84.92,1.75,10.39,12.24
2024,12,1,-999,27.91,3.38,82.44,1.51,10.46,10.88
2024,12,2,-999,28.3,4.58,82.07,1.56,10.44,5.11
2024,12,3,-999,28.96,5.41,79.85,1.21,10,3.82
2024,12,4,-999,28.47,-999,79.73,1.45,9.58,0.58
2024,12,5,-999,28.29,5.62,77.92,1.36,9.71,0.04
2024,12,6,-999,28.58,5.01,79.74,1.02,10.03,1.6
2024,12,7,-999,26.64,2.62,82.58,1.11,10.27,13.56
2024,12,8,-999,28.13,2.8,76.41,1.14,10.62,20.44
2024,12,9,-999,27.53,4.86,82.67,1.38,10.34,15.94
2024,12,10,-999,28.32,3.67,79.04,1.19,10.53,1.76
2024,12,11,-999,28.06,4.43,79.13,1.05,10.48,3.27
2024,12,12,-999,27.64,1.18,80.39,1.29,10.4,3.88
2024,12,13,-999,27.76,4.42,82.12,1.53,10.06,1.7
2024,12,14,-999,27.69,3.99,81.21,1.84,9.83,1.36
2024,12,15,-999,27.62,3.04,81.58,1.79,9.94,1.97
2024,12,16,-999,27.38,1.83,82.45,1.61,10.47,5.24
2024,12,17,-999,25.84,1.44,86.42,2.68,10.42,6.45
2024,12,18,-999,27.44,4.68,83.25,2.04,10.38,4.73
2024,12,19,-999,26.82,4.11,88.15,1.95,10.53,4.97
2024,12,20,-999,27.17,4.13,93.19,2.44,10.54,12.08
2024,12,21,-999,28.86,5.03,80.82,0.89,10.36,0.7
2024,12,22,-999,28.89,5.05,81.13,0.76,10.31,4.81
2024,12,23,-999,27.94,4.72,82.89,1.05,10.37,1.89
2024,12,24,-999,28.28,3.1,77.62,1,10.54,1.76
2024,12,25,-999,27.99,2.54,78.72,1,10.33,7.78
2024,12,26,-999,26.57,2.85,92.3,1.91,10.37,80.75
2024,12,27,-999,26.84,1,91.29,1.79,10.62,17.76
2024,12,28,-999,27.86,4.16,80.32,1.52,10.23,0.8
2024,12,29,-999,27.86,4.92,82.1,1.76,10.36,0.51
2024,12,30,-999,28.04,3.77,79.95,1.27,10.42,2.64
2024,12,31,-999,27.72,2.54,81.4,1.14,10.55,1.74
2025,1,1,-999,26.92,2.04,84.99,0.99,10.49,5.92
2025,1,2,-999,27.86,4.64,81.2,1.24,10.22,1.17
2025,1,3,-999,28.56,4.98,78.92,0.83,10.18,10.66
2025,1,4,-999,28.24,5.22,77.3,0.67,10.27,6.43
2025,1,5,-999,26.66,5.06,84.19,1.5,10.17,73.14
2025,1,6,-999,27.17,5.37,83.69,1.31,10.11,3.17
2025,1,7,-999,28.22,5.21,80.06,1.29,10.34,1.72
2025,1,8,-999,28.6,4.72,80.26,1.27,10.3,2.37
2025,1,9,-999,27.93,3.64,81.86,1.14,10.3,4.46
2025,1,10,-999,27.98,4.45,77.6,1.29,10.3,3.32
2025,1,11,-999,27.25,3.83,81.05,1.57,10.24,7.47
2025,1,12,-999,26.94,3.02,81.15,1.39,10.21,3
2025,1,13,-999,27.93,4.36,82.16,1.22,10.08,4.32
2025,1,14,-999,27.64,4.07,84.53,1.32,9.87,17.09
2025,1,15,-999,26.91,1.61,83,1.57,10.56,8.94
2025,1,16,-999,27.19,4.42,84.12,1.35,10.01,2.07
2025,1,17,-999,27.5,5.92,82.75,1.66,9.09,0.05
2025,1,18,-999,27,5.96,80.16,1.52,9.62,0.25
2025,1,19,-999,27.35,4.07,86.26,1.38,10.22,3.47
2025,1,20,-999,27.16,4.24,85.15,1.18,10.31,1.69
2025,1,21,-999,27.93,5.37,82.26,1,9.99,2.68
2025,1,22,-999,27.98,5.02,81.57,1.14,10.11,7.28
2025,1,23,-999,28.12,2.64,78.15,0.87,10.16,1.85
2025,1,24,-999,27.93,4.61,78.51,1.48,10.15,2.57
2025,1,25,-999,27.84,4.79,80.22,1.12,10.32,3.32
2025,1,26,-999,28.21,4.15,80.06,0.92,10.24,2.94
2025,1,27,-999,27.04,2.22,86.72,1.61,10.23,8.49
2025,1,28,-999,27.37,5.58,82.15,1.74,10.08,0.14
2025,1,29,-999,26.73,1.77,85.51,1.48,10.27,7.49
2025,1,30,-999,27.29,3.99,81.55,1.57,10.12,0.81
2025,1,31,-999,27.44,4.73,80.62,1.78,9.67,1.73
2025,2,1,-999,27.98,5,78.18,1.15,9.87,5.37
2025,2,2,-999,26.89,2.9,81.44,1.22,10.08,6.38
2025,2,3,-999,26.45,5.46,85.65,1.58,9.98,2.37
2025,2,4,-999,26.66,3.45,83.9,1.31,10.06,1.83
2025,2,5,-999,26.95,2.66,86.11,1.27,10.18,2.63
2025,2,6,-999,26.58,4.18,85.64,1.6,10.32,6.37
2025,2,7,-999,27.23,3.8,80.26,1.04,10.36,0.98
2025,2,8,-999,26.55,4.4,84.06,1.81,10.18,2.08
2025,2,9,-999,27.88,6.09,78.89,1.35,9.99,0.23
2025,2,10,-999,26.57,3.07,86.38,1.59,10.27,0.55
2025,2,11,-999,27.15,4.6,82.14,1.23,10.19,0.34
2025,2,12,-999,27.49,0.6,80.72,1.05,10.7,13.37
2025,2,13,-999,26.82,2.84,81.41,1.39,10.24,1.65
2025,2,14,-999,26.95,3.35,82.94,1.66,10.39,2.3
2025,2,15,-999,27.82,3.79,77.55,1.77,10.25,0.31
2025,2,16,-999,27.68,2.27,78.81,1.32,9.98,0.28
2025,2,17,-999,27.22,5.55,83.49,1.44,10.07,1.17
2025,2,18,-999,27.39,6.17,82.43,1.16,9.97,0.78
2025,2,19,-999,26.45,4.18,85.6,1.41,10.07,1.66
2025,2,20,-999,26.82,4.78,82.06,1.63,10.17,11.6
2025,2,21,-999,26.49,2.86,82.87,1.61,10.18,4.12
2025,2,22,-999,27.5,4.53,81.77,2.07,9.77,3.5
2025,2,23,-999,27.6,5.03,78.92,1.32,9.77,0.86
2025,2,24,-999,27.56,3.25,84.93,1.46,9.96,6.42
2025,2,25,-999,27.84,1.36,83.72,1.49,10.11,11.38
2025,2,26,-999,27.96,5.09,81.02,1.31,9.95,2.98
2025,2,27,-999,26.65,2.15,88.05,1.67,10.18,4.2
2025,2,28,-999,26.59,0.81,89.03,1.49,10.34,5.43
2025,3,1,-999,27.88,5.27,79.34,1.61,10.05,2.89
2025,3,2,-999,27.99,4.25,77.55,1.33,10.28,2.25
2025,3,3,-999,27.13,4.9,84.21,1.62,10.24,7.98
2025,3,4,-999,27.63,3.07,82.43,1.55,10.52,3.71
2025,3,5,-999,27.84,4.11,80.98,1.58,10.55,7.56
2025,3,6,-999,27.5,-999,80.69,1.54,10.19,7.84
2025,3,7,-999,27.78,5.34,81.03,1.23,10.14,5.05
2025,3,8,-999,27.54,6.14,80.39,1.35,9.85,0.59
2025,3,9,-999,26.94,3.44,84.37,1.06,10.14,3.44
2025,3,10,-999,27.55,3.96,85.14,1.62,10.14,3.25
2025,3,11,-999,27.92,5.28,79.48,1.48,9.72,0.53
2025,3,12,-999,27.94,6.87,78.35,1.25,9.2,0.67
2025,3,13,-999,27.62,6.75,78.35,1.49,9.35,0.09
2025,3,14,-999,27.61,6.26,80.95,1.29,9.8,0.21
2025,3,15,-999,27.9,4.9,83.81,1.06,10.15,1.33
2025,3,16,-999,27.91,3.95,83.42,1.41,10.12,1.84
2025,3,17,-999,27.43,5,82.69,1.04,10.02,1.04
2025,3,18,-999,27.8,5.35,82.25,0.99,10.02,2.36
2025,3,19,-999,28.04,4.65,80.88,1.06,10.33,0.83
2025,3,20,-999,28.23,5.32,80.28,1.17,9.93,0.2
2025,3,21,-999,27.6,3.75,81.47,1.1,10.14,1.27
2025,3,22,-999,27.57,5.4,80.29,1.06,10.04,2.09
2025,3,23,-999,26.62,2.16,80.72,1.08,10.43,4.23
2025,3,24,-999,27.49,3.74,79.89,1.4,10.01,2.22
2025,3,25,-999,27.83,6.49,80.45,1.34,9.99,1.12
2025,3,26,-999,28.62,5.79,76.39,1.25,10.26,0.65
2025,3,27,-999,28.86,5.77,76.73,0.89,10.45,1.44
2025,3,28,-999,28.8,5.22,79.34,1.21,10.34,3.68
2025,3,29,-999,28,2.73,83.33,1.55,10.24,1.65
2025,3,30,-999,27.11,4.76,86.26,1.28,10.34,3.09
2025,3,31,-999,28.39,4.81,79.23,1.43,10.11,5.18
2025,4,1,-999,28.23,6.43,79.02,1.41,9.46,0.72
2025,4,2,-999,28.45,6.72,76.48,1.48,9.7,0.06
2025,4,3,-999,28.72,4.94,77.95,1.25,10.01,0.78
2025,4,4,-999,28.11,4.41,79.46,1.3,9.8,0.78
2025,4,5,-999,26.66,1.59,88.21,1.41,10.09,5.07
2025,4,6,-999,27.21,2.26,85.87,1.63,10.42,5.85
2025,4,7,-999,27.58,6.17,81.84,1.52,10.25,1.61
2025,4,8,-999,28.5,6.18,77.58,1.28,10.12,1.5
2025,4,9,-999,28.81,7.07,75.13,1.25,9.8,0.28
2025,4,10,-999,28.51,6.33,77.44,1.18,10.11,2.58
2025,4,11,-999,28.62,5.91,80.32,1.44,10.27,3.78
2025,4,12,-999,28.41,4.56,81.86,1.87,10.31,3.25
2025,4,13,-999,28.66,5.15,80.1,1.64,10.14,2.7
2025,4,14,-999,28.48,5.91,82.17,1.75,10.22,1.96
2025,4,15,-999,28.6,6.19,79.79,1.53,10.04,2.83
2025,4,16,-999,28.8,5.94,75.58,1.62,9.28,0.63
2025,4,17,-999,28.5,5.82,76.95,1.15,9.86,1.19
2025,4,18,-999,29.02,6.77,75.32,1.33,9.54,1.14
2025,4,19,-999,28.87,3.19,77.28,1.31,10.08,1.66
2025,4,20,-999,28.19,3.29,80.01,1.5,10.04,0.84
2025,4,21,-999,28.56,5.63,79.61,1.53,10.28,0.56
2025,4,22,-999,28.74,6.29,78.69,1.29,10.1,0.26
2025,4,23,-999,27.2,5.24,85.09,1.51,9.81,0.83
2025,4,24,-999,28.77,6.27,74.67,1.28,9.9,0.06
2025,4,25,-999,28.54,4.24,76.13,1.28,9.94,3.6
2025,4,26,-999,28.18,2.16,77.92,1.12,10.28,6.83
2025,4,27,-999,27.96,4.61,71.39,1.01,10.21,11.51
2025,4,28,-999,28.45,6.29,73.66,1.21,10.05,0.9
2025,4,29,-999,28.32,3.61,79.98,1.23,10.45,6.18
2025,4,30,-999,28.64,5.38,78.37,1.07,10.38,4.77
2025,5,1,-999,28.2,6.31,77.04,1.27,10.18,8.5
2025,5,2,-999,27.62,2.52,79.75,1.3,10.48,17.9
2025,5,3,-999,27.33,4.92,81.56,1.53,10.45,15.65
2025,5,4,-999,27.88,6.04,78.11,1.3,10.25,5.85
2025,5,5,-999,28.01,4.07,78.53,1.45,10.49,12.52
2025,5,6,-999,28.09,4.26,77.21,0.83,10.5,5.57
2025,5,7,-999,27.49,4.69,81.1,1.2,10.31,8.43
2025,5,8,-999,27.82,5.73,79.38,1.67,10.3,6.43
2025,5,9,-999,28,6,79.1,1.73,10.15,5.82
2025,5,10,-999,28.2,6.51,78.02,1.42,10.14,7.14
2025,5,11,-999,28.33,6.23,75.9,1.15,9.98,4.29
2025,5,12,-999,28.33,6.43,76.72,1.36,10.03,4.48
2025,5,13,-999,28.54,4.88,77.44,1.45,10.25,6.58
2025,5,14,-999,27.41,3.65,85.64,1.81,10.44,60.42
2025,5,15,-999,28.39,5.2,78.7,1.26,10.38,4.68
2025,5,16,-999,27.86,4.11,80.84,1.31,10.33,10.29
2025,5,17,-999,27.19,2.67,83.94,1.73,10.39,22.6
2025,5,18,-999,26.55,4.54,86.52,1.57,10.4,28.32
2025,5,19,-999,27.85,5.31,80.33,1.39,10.43,6.48
2025,5,20,-999,26.45,3.61,86.23,1.4,10.35,34.05
2025,5,21,-999,26.79,3.83,85.79,1.82,10.42,11.02
2025,5,22,-999,27.23,4.89,82.85,1.64,10.37,5.57
2025,5,23,-999,27.46,3.58,81.15,1.68,10.6,6.98
2025,5,24,-999,27.42,2.93,83.22,1.77,10.51,15.01
2025,5,25,-999,27.89,5.37,80.84,1.21,10.44,5.63
2025,5,26,-999,27.89,6.32,81.92,1.6,10.37,5.86
2025,5,27,-999,27.84,5.35,81.19,1.62,10.47,5.78
2025,5,28,-999,28.07,5.21,79.62,1.54,10.37,4.29
2025,5,29,-999,28.4,5.74,78.7,1.26,10.48,4.82
2025,5,30,-999,28.49,6.31,78.15,1.33,10.25,4.34
2025,5,31,-999,28.15,5.42,77.91,1.31,10.27,10.62
2025,6,1,-999,28.46,5.16,75.62,1.08,10.37,8.06
2025,6,2,-999,28.29,5.78,77.57,1.34,10.36,11.09
2025,6,3,-999,27.45,3.07,80.63,1.52,10.56,14.35
